version,1.3.0
info,team,New Zealand
info,team,Australia
info,gender,female
info,season,2016/17
info,date,2017/03/02
info,series,Rose Bowl
info,match_number,2
info,venue,Bay Oval
info,city,Mount Maunganui
info,toss_winner,Australia
info,toss_decision,field
info,player_of_match,AJ Blackwell
info,umpire,RG Hooper
info,umpire,GA Stirrat
info,tv_umpire,K Cross
info,match_referee,KD Earl
info,winner,Australia
info,winner_wickets,4
ball,1,0.1,New Zealand,SW Bates,RH Priest,EA Perry,0,0,"",""
ball,1,0.2,New Zealand,SW Bates,RH Priest,EA Perry,0,0,"",""
ball,1,0.3,New Zealand,SW Bates,RH Priest,EA Perry,2,0,"",""
ball,1,0.4,New Zealand,SW Bates,RH Priest,EA Perry,0,0,"",""
ball,1,0.5,New Zealand,SW Bates,RH Priest,EA Perry,1,0,"",""
ball,1,0.6,New Zealand,RH Priest,SW Bates,EA Perry,0,0,"",""
ball,1,1.1,New Zealand,SW Bates,RH Priest,RM Farrell,1,0,"",""
ball,1,1.2,New Zealand,RH Priest,SW Bates,RM Farrell,0,0,"",""
ball,1,1.3,New Zealand,RH Priest,SW Bates,RM Farrell,0,0,"",""
ball,1,1.4,New Zealand,RH Priest,SW Bates,RM Farrell,0,0,"",""
ball,1,1.5,New Zealand,RH Priest,SW Bates,RM Farrell,0,0,"",""
ball,1,1.6,New Zealand,RH Priest,SW Bates,RM Farrell,0,0,"",""
ball,1,2.1,New Zealand,SW Bates,RH Priest,EA Perry,2,0,"",""
ball,1,2.2,New Zealand,SW Bates,RH Priest,EA Perry,0,0,"",""
ball,1,2.3,New Zealand,SW Bates,RH Priest,EA Perry,0,0,"",""
ball,1,2.4,New Zealand,SW Bates,RH Priest,EA Perry,0,0,"",""
ball,1,2.5,New Zealand,SW Bates,RH Priest,EA Perry,0,0,"",""
ball,1,2.6,New Zealand,SW Bates,RH Priest,EA Perry,0,0,"",""
ball,1,3.1,New Zealand,RH Priest,SW Bates,RM Farrell,4,0,"",""
ball,1,3.2,New Zealand,RH Priest,SW Bates,RM Farrell,1,0,"",""
ball,1,3.3,New Zealand,SW Bates,RH Priest,RM Farrell,0,0,"",""
ball,1,3.4,New Zealand,SW Bates,RH Priest,RM Farrell,0,0,"",""
ball,1,3.5,New Zealand,SW Bates,RH Priest,RM Farrell,4,0,"",""
ball,1,3.6,New Zealand,SW Bates,RH Priest,RM Farrell,0,0,"",""
ball,1,4.1,New Zealand,RH Priest,SW Bates,EA Perry,0,0,"",""
ball,1,4.2,New Zealand,RH Priest,SW Bates,EA Perry,0,0,bowled,RH Priest
ball,1,4.3,New Zealand,AE Satterthwaite,SW Bates,EA Perry,0,0,"",""
ball,1,4.4,New Zealand,AE Satterthwaite,SW Bates,EA Perry,0,0,"",""
ball,1,4.5,New Zealand,AE Satterthwaite,SW Bates,EA Perry,0,0,"",""
ball,1,4.6,New Zealand,AE Satterthwaite,SW Bates,EA Perry,0,0,"",""
ball,1,5.1,New Zealand,SW Bates,AE Satterthwaite,A Gardner,4,0,"",""
ball,1,5.2,New Zealand,SW Bates,AE Satterthwaite,A Gardner,4,0,"",""
ball,1,5.3,New Zealand,SW Bates,AE Satterthwaite,A Gardner,0,0,"",""
ball,1,5.4,New Zealand,SW Bates,AE Satterthwaite,A Gardner,0,0,"",""
ball,1,5.5,New Zealand,SW Bates,AE Satterthwaite,A Gardner,0,0,"",""
ball,1,5.6,New Zealand,SW Bates,AE Satterthwaite,A Gardner,1,0,"",""
ball,1,6.1,New Zealand,SW Bates,AE Satterthwaite,EA Perry,0,0,"",""
ball,1,6.2,New Zealand,SW Bates,AE Satterthwaite,EA Perry,0,0,"",""
ball,1,6.3,New Zealand,SW Bates,AE Satterthwaite,EA Perry,0,0,"",""
ball,1,6.4,New Zealand,SW Bates,AE Satterthwaite,EA Perry,0,0,"",""
ball,1,6.5,New Zealand,SW Bates,AE Satterthwaite,EA Perry,4,0,"",""
ball,1,6.6,New Zealand,SW Bates,AE Satterthwaite,EA Perry,0,0,"",""
ball,1,7.1,New Zealand,AE Satterthwaite,SW Bates,A Gardner,0,0,"",""
ball,1,7.2,New Zealand,AE Satterthwaite,SW Bates,A Gardner,0,0,"",""
ball,1,7.3,New Zealand,AE Satterthwaite,SW Bates,A Gardner,0,0,"",""
ball,1,7.4,New Zealand,AE Satterthwaite,SW Bates,A Gardner,0,0,"",""
ball,1,7.5,New Zealand,AE Satterthwaite,SW Bates,A Gardner,0,0,"",""
ball,1,7.6,New Zealand,AE Satterthwaite,SW Bates,A Gardner,1,0,"",""
ball,1,8.1,New Zealand,AE Satterthwaite,SW Bates,JL Jonassen,0,0,"",""
ball,1,8.2,New Zealand,AE Satterthwaite,SW Bates,JL Jonassen,0,0,"",""
ball,1,8.3,New Zealand,AE Satterthwaite,SW Bates,JL Jonassen,0,0,"",""
ball,1,8.4,New Zealand,AE Satterthwaite,SW Bates,JL Jonassen,0,0,"",""
ball,1,8.5,New Zealand,AE Satterthwaite,SW Bates,JL Jonassen,0,0,"",""
ball,1,8.6,New Zealand,AE Satterthwaite,SW Bates,JL Jonassen,0,0,"",""
ball,1,9.1,New Zealand,SW Bates,AE Satterthwaite,A Gardner,0,0,"",""
ball,1,9.2,New Zealand,SW Bates,AE Satterthwaite,A Gardner,1,0,"",""
ball,1,9.3,New Zealand,AE Satterthwaite,SW Bates,A Gardner,1,0,"",""
ball,1,9.4,New Zealand,SW Bates,AE Satterthwaite,A Gardner,0,0,"",""
ball,1,9.5,New Zealand,SW Bates,AE Satterthwaite,A Gardner,0,0,"",""
ball,1,9.6,New Zealand,SW Bates,AE Satterthwaite,A Gardner,1,0,"",""
ball,1,10.1,New Zealand,SW Bates,AE Satterthwaite,JL Jonassen,0,0,"",""
ball,1,10.2,New Zealand,SW Bates,AE Satterthwaite,JL Jonassen,0,0,"",""
ball,1,10.3,New Zealand,SW Bates,AE Satterthwaite,JL Jonassen,1,0,"",""
ball,1,10.4,New Zealand,AE Satterthwaite,SW Bates,JL Jonassen,1,0,"",""
ball,1,10.5,New Zealand,SW Bates,AE Satterthwaite,JL Jonassen,2,0,"",""
ball,1,10.6,New Zealand,SW Bates,AE Satterthwaite,JL Jonassen,0,0,"",""
ball,1,11.1,New Zealand,AE Satterthwaite,SW Bates,A Gardner,0,0,"",""
ball,1,11.2,New Zealand,AE Satterthwaite,SW Bates,A Gardner,1,0,"",""
ball,1,11.3,New Zealand,SW Bates,AE Satterthwaite,A Gardner,1,0,"",""
ball,1,11.4,New Zealand,AE Satterthwaite,SW Bates,A Gardner,1,0,"",""
ball,1,11.5,New Zealand,SW Bates,AE Satterthwaite,A Gardner,1,0,"",""
ball,1,11.6,New Zealand,AE Satterthwaite,SW Bates,A Gardner,1,0,"",""
ball,1,12.1,New Zealand,AE Satterthwaite,SW Bates,JL Jonassen,1,0,"",""
ball,1,12.2,New Zealand,SW Bates,AE Satterthwaite,JL Jonassen,0,0,"",""
ball,1,12.3,New Zealand,SW Bates,AE Satterthwaite,JL Jonassen,0,0,"",""
ball,1,12.4,New Zealand,SW Bates,AE Satterthwaite,JL Jonassen,0,0,"",""
ball,1,12.5,New Zealand,SW Bates,AE Satterthwaite,JL Jonassen,0,0,"",""
ball,1,12.6,New Zealand,SW Bates,AE Satterthwaite,JL Jonassen,0,0,"",""
ball,1,13.1,New Zealand,AE Satterthwaite,SW Bates,A Wellington,0,0,"",""
ball,1,13.2,New Zealand,AE Satterthwaite,SW Bates,A Wellington,1,0,"",""
ball,1,13.3,New Zealand,SW Bates,AE Satterthwaite,A Wellington,0,0,"",""
ball,1,13.4,New Zealand,SW Bates,AE Satterthwaite,A Wellington,1,0,"",""
ball,1,13.5,New Zealand,AE Satterthwaite,SW Bates,A Wellington,3,0,"",""
ball,1,13.6,New Zealand,SW Bates,AE Satterthwaite,A Wellington,2,0,"",""
ball,1,14.1,New Zealand,AE Satterthwaite,SW Bates,JL Jonassen,0,0,"",""
ball,1,14.2,New Zealand,AE Satterthwaite,SW Bates,JL Jonassen,0,0,"",""
ball,1,14.3,New Zealand,AE Satterthwaite,SW Bates,JL Jonassen,1,0,"",""
ball,1,14.4,New Zealand,SW Bates,AE Satterthwaite,JL Jonassen,0,0,"",""
ball,1,14.5,New Zealand,SW Bates,AE Satterthwaite,JL Jonassen,0,0,"",""
ball,1,14.6,New Zealand,SW Bates,AE Satterthwaite,JL Jonassen,0,0,"",""
ball,1,15.1,New Zealand,AE Satterthwaite,SW Bates,A Wellington,2,0,"",""
ball,1,15.2,New Zealand,AE Satterthwaite,SW Bates,A Wellington,0,0,"",""
ball,1,15.3,New Zealand,AE Satterthwaite,SW Bates,A Wellington,1,0,"",""
ball,1,15.4,New Zealand,SW Bates,AE Satterthwaite,A Wellington,0,0,"",""
ball,1,15.5,New Zealand,SW Bates,AE Satterthwaite,A Wellington,2,0,"",""
ball,1,15.6,New Zealand,SW Bates,AE Satterthwaite,A Wellington,0,0,stumped,SW Bates
ball,1,16.1,New Zealand,AE Satterthwaite,KJ Martin,EJ Villani,1,0,"",""
ball,1,16.2,New Zealand,KJ Martin,AE Satterthwaite,EJ Villani,0,0,"",""
ball,1,16.3,New Zealand,KJ Martin,AE Satterthwaite,EJ Villani,1,0,"",""
ball,1,16.4,New Zealand,AE Satterthwaite,KJ Martin,EJ Villani,0,1,"",""
ball,1,16.5,New Zealand,AE Satterthwaite,KJ Martin,EJ Villani,0,0,"",""
ball,1,16.6,New Zealand,AE Satterthwaite,KJ Martin,EJ Villani,0,0,"",""
ball,1,16.7,New Zealand,AE Satterthwaite,KJ Martin,EJ Villani,0,0,"",""
ball,1,17.1,New Zealand,KJ Martin,AE Satterthwaite,A Wellington,0,3,"",""
ball,1,17.2,New Zealand,KJ Martin,AE Satterthwaite,A Wellington,0,0,"",""
ball,1,17.3,New Zealand,KJ Martin,AE Satterthwaite,A Wellington,2,0,"",""
ball,1,17.4,New Zealand,KJ Martin,AE Satterthwaite,A Wellington,1,0,"",""
ball,1,17.5,New Zealand,AE Satterthwaite,KJ Martin,A Wellington,0,0,"",""
ball,1,17.6,New Zealand,AE Satterthwaite,KJ Martin,A Wellington,0,0,"",""
ball,1,17.7,New Zealand,AE Satterthwaite,KJ Martin,A Wellington,1,0,"",""
ball,1,18.1,New Zealand,AE Satterthwaite,KJ Martin,EJ Villani,0,1,"",""
ball,1,18.2,New Zealand,AE Satterthwaite,KJ Martin,EJ Villani,0,0,"",""
ball,1,18.3,New Zealand,AE Satterthwaite,KJ Martin,EJ Villani,1,0,"",""
ball,1,18.4,New Zealand,KJ Martin,AE Satterthwaite,EJ Villani,0,0,"",""
ball,1,18.5,New Zealand,KJ Martin,AE Satterthwaite,EJ Villani,1,0,"",""
ball,1,18.6,New Zealand,AE Satterthwaite,KJ Martin,EJ Villani,0,1,"",""
ball,1,18.7,New Zealand,AE Satterthwaite,KJ Martin,EJ Villani,0,0,"",""
ball,1,18.8,New Zealand,AE Satterthwaite,KJ Martin,EJ Villani,0,0,"",""
ball,1,19.1,New Zealand,KJ Martin,AE Satterthwaite,A Wellington,0,0,"",""
ball,1,19.2,New Zealand,KJ Martin,AE Satterthwaite,A Wellington,0,0,"",""
ball,1,19.3,New Zealand,KJ Martin,AE Satterthwaite,A Wellington,0,0,"",""
ball,1,19.4,New Zealand,KJ Martin,AE Satterthwaite,A Wellington,1,0,"",""
ball,1,19.5,New Zealand,AE Satterthwaite,KJ Martin,A Wellington,2,0,"",""
ball,1,19.6,New Zealand,AE Satterthwaite,KJ Martin,A Wellington,2,0,"",""
ball,1,20.1,New Zealand,KJ Martin,AE Satterthwaite,EJ Villani,1,0,"",""
ball,1,20.2,New Zealand,AE Satterthwaite,KJ Martin,EJ Villani,0,0,"",""
ball,1,20.3,New Zealand,AE Satterthwaite,KJ Martin,EJ Villani,1,0,"",""
ball,1,20.4,New Zealand,KJ Martin,AE Satterthwaite,EJ Villani,0,0,"",""
ball,1,20.5,New Zealand,KJ Martin,AE Satterthwaite,EJ Villani,0,1,"",""
ball,1,20.6,New Zealand,KJ Martin,AE Satterthwaite,EJ Villani,0,0,"",""
ball,1,20.7,New Zealand,KJ Martin,AE Satterthwaite,EJ Villani,0,0,"",""
ball,1,21.1,New Zealand,AE Satterthwaite,KJ Martin,A Gardner,0,0,"",""
ball,1,21.2,New Zealand,AE Satterthwaite,KJ Martin,A Gardner,0,0,"",""
ball,1,21.3,New Zealand,AE Satterthwaite,KJ Martin,A Gardner,1,0,"",""
ball,1,21.4,New Zealand,KJ Martin,AE Satterthwaite,A Gardner,0,0,"",""
ball,1,21.5,New Zealand,KJ Martin,AE Satterthwaite,A Gardner,0,0,"",""
ball,1,21.6,New Zealand,KJ Martin,AE Satterthwaite,A Gardner,1,0,"",""
ball,1,22.1,New Zealand,KJ Martin,AE Satterthwaite,EJ Villani,0,0,"",""
ball,1,22.2,New Zealand,KJ Martin,AE Satterthwaite,EJ Villani,1,0,"",""
ball,1,22.3,New Zealand,AE Satterthwaite,KJ Martin,EJ Villani,0,0,"",""
ball,1,22.4,New Zealand,AE Satterthwaite,KJ Martin,EJ Villani,0,0,"",""
ball,1,22.5,New Zealand,AE Satterthwaite,KJ Martin,EJ Villani,1,0,"",""
ball,1,22.6,New Zealand,KJ Martin,AE Satterthwaite,EJ Villani,1,0,"",""
ball,1,23.1,New Zealand,KJ Martin,AE Satterthwaite,A Gardner,4,0,"",""
ball,1,23.2,New Zealand,KJ Martin,AE Satterthwaite,A Gardner,4,0,"",""
ball,1,23.3,New Zealand,KJ Martin,AE Satterthwaite,A Gardner,0,0,"",""
ball,1,23.4,New Zealand,KJ Martin,AE Satterthwaite,A Gardner,1,0,"",""
ball,1,23.5,New Zealand,AE Satterthwaite,KJ Martin,A Gardner,0,0,"",""
ball,1,23.6,New Zealand,AE Satterthwaite,KJ Martin,A Gardner,2,0,"",""
ball,1,24.1,New Zealand,KJ Martin,AE Satterthwaite,RM Farrell,1,0,"",""
ball,1,24.2,New Zealand,AE Satterthwaite,KJ Martin,RM Farrell,2,0,"",""
ball,1,24.3,New Zealand,AE Satterthwaite,KJ Martin,RM Farrell,1,0,"",""
ball,1,24.4,New Zealand,KJ Martin,AE Satterthwaite,RM Farrell,1,0,"",""
ball,1,24.5,New Zealand,AE Satterthwaite,KJ Martin,RM Farrell,0,0,"",""
ball,1,24.6,New Zealand,AE Satterthwaite,KJ Martin,RM Farrell,1,0,"",""
ball,1,25.1,New Zealand,AE Satterthwaite,KJ Martin,JL Jonassen,0,0,"",""
ball,1,25.2,New Zealand,AE Satterthwaite,KJ Martin,JL Jonassen,0,0,"",""
ball,1,25.3,New Zealand,AE Satterthwaite,KJ Martin,JL Jonassen,1,0,"",""
ball,1,25.4,New Zealand,KJ Martin,AE Satterthwaite,JL Jonassen,1,0,"",""
ball,1,25.5,New Zealand,AE Satterthwaite,KJ Martin,JL Jonassen,1,0,"",""
ball,1,25.6,New Zealand,KJ Martin,AE Satterthwaite,JL Jonassen,0,0,"",""
ball,1,26.1,New Zealand,AE Satterthwaite,KJ Martin,RM Farrell,1,0,"",""
ball,1,26.2,New Zealand,KJ Martin,AE Satterthwaite,RM Farrell,2,0,"",""
ball,1,26.3,New Zealand,KJ Martin,AE Satterthwaite,RM Farrell,0,0,"",""
ball,1,26.4,New Zealand,KJ Martin,AE Satterthwaite,RM Farrell,0,0,"",""
ball,1,26.5,New Zealand,KJ Martin,AE Satterthwaite,RM Farrell,1,0,"",""
ball,1,26.6,New Zealand,AE Satterthwaite,KJ Martin,RM Farrell,0,0,"",""
ball,1,27.1,New Zealand,KJ Martin,AE Satterthwaite,JL Jonassen,4,0,"",""
ball,1,27.2,New Zealand,KJ Martin,AE Satterthwaite,JL Jonassen,0,0,"",""
ball,1,27.3,New Zealand,KJ Martin,AE Satterthwaite,JL Jonassen,0,0,"",""
ball,1,27.4,New Zealand,KJ Martin,AE Satterthwaite,JL Jonassen,1,0,"",""
ball,1,27.5,New Zealand,AE Satterthwaite,KJ Martin,JL Jonassen,1,0,"",""
ball,1,27.6,New Zealand,KJ Martin,AE Satterthwaite,JL Jonassen,0,0,"",""
ball,1,28.1,New Zealand,AE Satterthwaite,KJ Martin,RM Farrell,2,0,"",""
ball,1,28.2,New Zealand,AE Satterthwaite,KJ Martin,RM Farrell,1,0,"",""
ball,1,28.3,New Zealand,KJ Martin,AE Satterthwaite,RM Farrell,0,0,"",""
ball,1,28.4,New Zealand,KJ Martin,AE Satterthwaite,RM Farrell,4,0,"",""
ball,1,28.5,New Zealand,KJ Martin,AE Satterthwaite,RM Farrell,0,0,"",""
ball,1,28.6,New Zealand,KJ Martin,AE Satterthwaite,RM Farrell,1,0,"",""
ball,1,29.1,New Zealand,KJ Martin,AE Satterthwaite,A Wellington,1,0,"",""
ball,1,29.2,New Zealand,AE Satterthwaite,KJ Martin,A Wellington,0,0,"",""
ball,1,29.3,New Zealand,AE Satterthwaite,KJ Martin,A Wellington,0,0,"",""
ball,1,29.4,New Zealand,AE Satterthwaite,KJ Martin,A Wellington,1,0,"",""
ball,1,29.5,New Zealand,KJ Martin,AE Satterthwaite,A Wellington,1,0,"",""
ball,1,29.6,New Zealand,AE Satterthwaite,KJ Martin,A Wellington,2,0,"",""
ball,1,30.1,New Zealand,KJ Martin,AE Satterthwaite,A Gardner,0,0,"",""
ball,1,30.2,New Zealand,KJ Martin,AE Satterthwaite,A Gardner,0,1,"",""
ball,1,30.3,New Zealand,KJ Martin,AE Satterthwaite,A Gardner,1,0,"",""
ball,1,30.4,New Zealand,AE Satterthwaite,KJ Martin,A Gardner,0,0,"",""
ball,1,30.5,New Zealand,AE Satterthwaite,KJ Martin,A Gardner,2,0,"",""
ball,1,30.6,New Zealand,AE Satterthwaite,KJ Martin,A Gardner,1,0,"",""
ball,1,30.7,New Zealand,KJ Martin,AE Satterthwaite,A Gardner,1,0,"",""
ball,1,31.1,New Zealand,KJ Martin,AE Satterthwaite,A Wellington,1,0,"",""
ball,1,31.2,New Zealand,AE Satterthwaite,KJ Martin,A Wellington,0,0,"",""
ball,1,31.3,New Zealand,AE Satterthwaite,KJ Martin,A Wellington,0,1,"",""
ball,1,31.4,New Zealand,AE Satterthwaite,KJ Martin,A Wellington,0,0,"",""
ball,1,31.5,New Zealand,AE Satterthwaite,KJ Martin,A Wellington,0,0,"",""
ball,1,31.6,New Zealand,AE Satterthwaite,KJ Martin,A Wellington,0,0,"",""
ball,1,31.7,New Zealand,AE Satterthwaite,KJ Martin,A Wellington,1,0,"",""
ball,1,32.1,New Zealand,AE Satterthwaite,KJ Martin,A Gardner,0,0,"",""
ball,1,32.2,New Zealand,AE Satterthwaite,KJ Martin,A Gardner,0,0,"",""
ball,1,32.3,New Zealand,AE Satterthwaite,KJ Martin,A Gardner,1,0,"",""
ball,1,32.4,New Zealand,KJ Martin,AE Satterthwaite,A Gardner,1,0,"",""
ball,1,32.5,New Zealand,AE Satterthwaite,KJ Martin,A Gardner,0,0,"",""
ball,1,32.6,New Zealand,AE Satterthwaite,KJ Martin,A Gardner,4,0,"",""
ball,1,33.1,New Zealand,KJ Martin,AE Satterthwaite,A Wellington,2,0,"",""
ball,1,33.2,New Zealand,KJ Martin,AE Satterthwaite,A Wellington,0,0,caught,KJ Martin
ball,1,33.3,New Zealand,EC Perry,AE Satterthwaite,A Wellington,0,0,"",""
ball,1,33.4,New Zealand,EC Perry,AE Satterthwaite,A Wellington,0,0,"",""
ball,1,33.5,New Zealand,EC Perry,AE Satterthwaite,A Wellington,0,0,"",""
ball,1,33.6,New Zealand,EC Perry,AE Satterthwaite,A Wellington,0,0,"",""
ball,1,34.1,New Zealand,AE Satterthwaite,EC Perry,A Gardner,0,0,"",""
ball,1,34.2,New Zealand,AE Satterthwaite,EC Perry,A Gardner,1,0,"",""
ball,1,34.3,New Zealand,EC Perry,AE Satterthwaite,A Gardner,0,0,"",""
ball,1,34.4,New Zealand,EC Perry,AE Satterthwaite,A Gardner,0,0,"",""
ball,1,34.5,New Zealand,EC Perry,AE Satterthwaite,A Gardner,0,0,"",""
ball,1,34.6,New Zealand,EC Perry,AE Satterthwaite,A Gardner,0,0,"",""
ball,1,35.1,New Zealand,AE Satterthwaite,EC Perry,A Wellington,1,0,"",""
ball,1,35.2,New Zealand,EC Perry,AE Satterthwaite,A Wellington,0,0,caught,EC Perry
ball,1,35.3,New Zealand,KT Perkins,AE Satterthwaite,A Wellington,0,0,"",""
ball,1,35.4,New Zealand,KT Perkins,AE Satterthwaite,A Wellington,4,0,"",""
ball,1,35.5,New Zealand,KT Perkins,AE Satterthwaite,A Wellington,0,0,"",""
ball,1,35.6,New Zealand,KT Perkins,AE Satterthwaite,A Wellington,0,0,"",""
ball,1,36.1,New Zealand,AE Satterthwaite,KT Perkins,A Gardner,0,0,"",""
ball,1,36.2,New Zealand,AE Satterthwaite,KT Perkins,A Gardner,0,0,"",""
ball,1,36.3,New Zealand,AE Satterthwaite,KT Perkins,A Gardner,1,0,"",""
ball,1,36.4,New Zealand,KT Perkins,AE Satterthwaite,A Gardner,4,0,"",""
ball,1,36.5,New Zealand,KT Perkins,AE Satterthwaite,A Gardner,0,0,"",""
ball,1,36.6,New Zealand,KT Perkins,AE Satterthwaite,A Gardner,0,0,"",""
ball,1,37.1,New Zealand,AE Satterthwaite,KT Perkins,A Wellington,0,0,"",""
ball,1,37.2,New Zealand,AE Satterthwaite,KT Perkins,A Wellington,0,0,"",""
ball,1,37.3,New Zealand,AE Satterthwaite,KT Perkins,A Wellington,0,1,"",""
ball,1,37.4,New Zealand,AE Satterthwaite,KT Perkins,A Wellington,1,0,"",""
ball,1,37.5,New Zealand,KT Perkins,AE Satterthwaite,A Wellington,4,0,"",""
ball,1,37.6,New Zealand,KT Perkins,AE Satterthwaite,A Wellington,0,0,"",""
ball,1,37.7,New Zealand,KT Perkins,AE Satterthwaite,A Wellington,1,0,"",""
ball,1,38.1,New Zealand,KT Perkins,AE Satterthwaite,RM Farrell,2,0,"",""
ball,1,38.2,New Zealand,KT Perkins,AE Satterthwaite,RM Farrell,2,0,"",""
ball,1,38.3,New Zealand,KT Perkins,AE Satterthwaite,RM Farrell,0,0,"",""
ball,1,38.4,New Zealand,KT Perkins,AE Satterthwaite,RM Farrell,2,0,"",""
ball,1,38.5,New Zealand,KT Perkins,AE Satterthwaite,RM Farrell,0,0,"",""
ball,1,38.6,New Zealand,KT Perkins,AE Satterthwaite,RM Farrell,1,0,"",""
ball,1,39.1,New Zealand,KT Perkins,AE Satterthwaite,A Wellington,0,0,"",""
ball,1,39.2,New Zealand,KT Perkins,AE Satterthwaite,A Wellington,4,0,"",""
ball,1,39.3,New Zealand,KT Perkins,AE Satterthwaite,A Wellington,1,0,"",""
ball,1,39.4,New Zealand,AE Satterthwaite,KT Perkins,A Wellington,1,0,"",""
ball,1,39.5,New Zealand,KT Perkins,AE Satterthwaite,A Wellington,0,0,"",""
ball,1,39.6,New Zealand,KT Perkins,AE Satterthwaite,A Wellington,0,0,"",""
ball,1,40.1,New Zealand,AE Satterthwaite,KT Perkins,RM Farrell,0,0,"",""
ball,1,40.2,New Zealand,AE Satterthwaite,KT Perkins,RM Farrell,1,0,"",""
ball,1,40.3,New Zealand,KT Perkins,AE Satterthwaite,RM Farrell,0,0,"",""
ball,1,40.4,New Zealand,KT Perkins,AE Satterthwaite,RM Farrell,1,0,"",""
ball,1,40.5,New Zealand,AE Satterthwaite,KT Perkins,RM Farrell,1,0,"",""
ball,1,40.6,New Zealand,KT Perkins,AE Satterthwaite,RM Farrell,0,0,"",""
ball,1,41.1,New Zealand,AE Satterthwaite,KT Perkins,JL Jonassen,1,0,"",""
ball,1,41.2,New Zealand,KT Perkins,AE Satterthwaite,JL Jonassen,0,0,"",""
ball,1,41.3,New Zealand,KT Perkins,AE Satterthwaite,JL Jonassen,1,0,"",""
ball,1,41.4,New Zealand,AE Satterthwaite,KT Perkins,JL Jonassen,2,0,"",""
ball,1,41.5,New Zealand,AE Satterthwaite,KT Perkins,JL Jonassen,4,0,"",""
ball,1,41.6,New Zealand,AE Satterthwaite,KT Perkins,JL Jonassen,2,0,"",""
ball,1,42.1,New Zealand,KT Perkins,AE Satterthwaite,RM Farrell,1,0,"",""
ball,1,42.2,New Zealand,AE Satterthwaite,KT Perkins,RM Farrell,2,0,"",""
ball,1,42.3,New Zealand,AE Satterthwaite,KT Perkins,RM Farrell,1,0,"",""
ball,1,42.4,New Zealand,KT Perkins,AE Satterthwaite,RM Farrell,1,0,"",""
ball,1,42.5,New Zealand,AE Satterthwaite,KT Perkins,RM Farrell,1,0,"",""
ball,1,42.6,New Zealand,KT Perkins,AE Satterthwaite,RM Farrell,1,0,"",""
ball,1,43.1,New Zealand,KT Perkins,AE Satterthwaite,EJ Villani,1,0,"",""
ball,1,43.2,New Zealand,AE Satterthwaite,KT Perkins,EJ Villani,1,0,"",""
ball,1,43.3,New Zealand,KT Perkins,AE Satterthwaite,EJ Villani,4,0,"",""
ball,1,43.4,New Zealand,KT Perkins,AE Satterthwaite,EJ Villani,1,0,"",""
ball,1,43.5,New Zealand,AE Satterthwaite,KT Perkins,EJ Villani,1,0,"",""
ball,1,43.6,New Zealand,KT Perkins,AE Satterthwaite,EJ Villani,0,0,"",""
ball,1,44.1,New Zealand,AE Satterthwaite,KT Perkins,JL Jonassen,1,0,"",""
ball,1,44.2,New Zealand,KT Perkins,AE Satterthwaite,JL Jonassen,1,0,"",""
ball,1,44.3,New Zealand,AE Satterthwaite,KT Perkins,JL Jonassen,1,0,"",""
ball,1,44.4,New Zealand,KT Perkins,AE Satterthwaite,JL Jonassen,1,0,"",""
ball,1,44.5,New Zealand,AE Satterthwaite,KT Perkins,JL Jonassen,0,0,"",""
ball,1,44.6,New Zealand,AE Satterthwaite,KT Perkins,JL Jonassen,2,0,"",""
ball,1,45.1,New Zealand,KT Perkins,AE Satterthwaite,EJ Villani,0,0,caught,KT Perkins
ball,1,45.2,New Zealand,AE Satterthwaite,AM Peterson,EJ Villani,0,0,"",""
ball,1,45.3,New Zealand,AE Satterthwaite,AM Peterson,EJ Villani,0,1,"",""
ball,1,45.4,New Zealand,AE Satterthwaite,AM Peterson,EJ Villani,1,0,"",""
ball,1,45.5,New Zealand,AM Peterson,AE Satterthwaite,EJ Villani,1,0,"",""
ball,1,45.6,New Zealand,AE Satterthwaite,AM Peterson,EJ Villani,6,0,"",""
ball,1,45.7,New Zealand,AE Satterthwaite,AM Peterson,EJ Villani,0,0,"",""
ball,1,46.1,New Zealand,AM Peterson,AE Satterthwaite,RM Farrell,0,0,"",""
ball,1,46.2,New Zealand,AM Peterson,AE Satterthwaite,RM Farrell,0,5,"",""
ball,1,46.3,New Zealand,AM Peterson,AE Satterthwaite,RM Farrell,6,0,"",""
ball,1,46.4,New Zealand,AM Peterson,AE Satterthwaite,RM Farrell,1,0,"",""
ball,1,46.5,New Zealand,AE Satterthwaite,AM Peterson,RM Farrell,2,0,"",""
ball,1,46.6,New Zealand,AE Satterthwaite,AM Peterson,RM Farrell,0,0,caught,AE Satterthwaite
ball,1,46.7,New Zealand,AM Peterson,EM Bermingham,RM Farrell,0,0,caught,AM Peterson
ball,1,47.1,New Zealand,LMM Tahuhu,EM Bermingham,JL Jonassen,1,0,"",""
ball,1,47.2,New Zealand,EM Bermingham,LMM Tahuhu,JL Jonassen,1,0,"",""
ball,1,47.3,New Zealand,LMM Tahuhu,EM Bermingham,JL Jonassen,0,0,"",""
ball,1,47.4,New Zealand,LMM Tahuhu,EM Bermingham,JL Jonassen,0,0,"",""
ball,1,47.5,New Zealand,LMM Tahuhu,EM Bermingham,JL Jonassen,1,0,"",""
ball,1,47.6,New Zealand,EM Bermingham,LMM Tahuhu,JL Jonassen,1,0,"",""
ball,1,48.1,New Zealand,EM Bermingham,LMM Tahuhu,RM Farrell,1,0,"",""
ball,1,48.2,New Zealand,LMM Tahuhu,EM Bermingham,RM Farrell,0,4,"",""
ball,1,48.3,New Zealand,LMM Tahuhu,EM Bermingham,RM Farrell,2,0,"",""
ball,1,48.4,New Zealand,LMM Tahuhu,EM Bermingham,RM Farrell,1,0,"",""
ball,1,48.5,New Zealand,EM Bermingham,LMM Tahuhu,RM Farrell,1,0,"",""
ball,1,48.6,New Zealand,LMM Tahuhu,EM Bermingham,RM Farrell,1,0,"",""
ball,1,49.1,New Zealand,LMM Tahuhu,EM Bermingham,JL Jonassen,1,0,"",""
ball,1,49.2,New Zealand,EM Bermingham,LMM Tahuhu,JL Jonassen,1,0,"",""
ball,1,49.3,New Zealand,LMM Tahuhu,EM Bermingham,JL Jonassen,4,0,"",""
ball,1,49.4,New Zealand,LMM Tahuhu,EM Bermingham,JL Jonassen,0,0,"",""
ball,1,49.5,New Zealand,LMM Tahuhu,EM Bermingham,JL Jonassen,2,0,"",""
ball,1,49.6,New Zealand,LMM Tahuhu,EM Bermingham,JL Jonassen,1,0,run out,LMM Tahuhu
ball,2,0.1,Australia,NE Bolton,BL Mooney,LMM Tahuhu,0,0,"",""
ball,2,0.2,Australia,NE Bolton,BL Mooney,LMM Tahuhu,0,0,"",""
ball,2,0.3,Australia,NE Bolton,BL Mooney,LMM Tahuhu,0,0,"",""
ball,2,0.4,Australia,NE Bolton,BL Mooney,LMM Tahuhu,0,0,"",""
ball,2,0.5,Australia,NE Bolton,BL Mooney,LMM Tahuhu,0,0,"",""
ball,2,0.6,Australia,NE Bolton,BL Mooney,LMM Tahuhu,2,0,"",""
ball,2,1.1,Australia,BL Mooney,NE Bolton,AM Peterson,0,0,"",""
ball,2,1.2,Australia,BL Mooney,NE Bolton,AM Peterson,0,0,"",""
ball,2,1.3,Australia,BL Mooney,NE Bolton,AM Peterson,0,0,"",""
ball,2,1.4,Australia,BL Mooney,NE Bolton,AM Peterson,1,0,"",""
ball,2,1.5,Australia,NE Bolton,BL Mooney,AM Peterson,1,0,"",""
ball,2,1.6,Australia,BL Mooney,NE Bolton,AM Peterson,0,0,"",""
ball,2,2.1,Australia,NE Bolton,BL Mooney,LMM Tahuhu,0,0,"",""
ball,2,2.2,Australia,NE Bolton,BL Mooney,LMM Tahuhu,0,0,"",""
ball,2,2.3,Australia,NE Bolton,BL Mooney,LMM Tahuhu,4,0,"",""
ball,2,2.4,Australia,NE Bolton,BL Mooney,LMM Tahuhu,1,0,"",""
ball,2,2.5,Australia,BL Mooney,NE Bolton,LMM Tahuhu,0,0,"",""
ball,2,2.6,Australia,BL Mooney,NE Bolton,LMM Tahuhu,0,0,"",""
ball,2,3.1,Australia,NE Bolton,BL Mooney,AM Peterson,0,0,"",""
ball,2,3.2,Australia,NE Bolton,BL Mooney,AM Peterson,0,0,"",""
ball,2,3.3,Australia,NE Bolton,BL Mooney,AM Peterson,1,0,"",""
ball,2,3.4,Australia,BL Mooney,NE Bolton,AM Peterson,0,0,"",""
ball,2,3.5,Australia,BL Mooney,NE Bolton,AM Peterson,1,0,"",""
ball,2,3.6,Australia,NE Bolton,BL Mooney,AM Peterson,1,0,"",""
ball,2,4.1,Australia,NE Bolton,BL Mooney,LMM Tahuhu,0,0,"",""
ball,2,4.2,Australia,NE Bolton,BL Mooney,LMM Tahuhu,0,0,"",""
ball,2,4.3,Australia,NE Bolton,BL Mooney,LMM Tahuhu,0,0,"",""
ball,2,4.4,Australia,NE Bolton,BL Mooney,LMM Tahuhu,2,0,"",""
ball,2,4.5,Australia,NE Bolton,BL Mooney,LMM Tahuhu,0,0,"",""
ball,2,4.6,Australia,NE Bolton,BL Mooney,LMM Tahuhu,4,0,"",""
ball,2,5.1,Australia,BL Mooney,NE Bolton,SW Bates,0,0,"",""
ball,2,5.2,Australia,BL Mooney,NE Bolton,SW Bates,2,0,"",""
ball,2,5.3,Australia,BL Mooney,NE Bolton,SW Bates,1,0,"",""
ball,2,5.4,Australia,NE Bolton,BL Mooney,SW Bates,0,0,"",""
ball,2,5.5,Australia,NE Bolton,BL Mooney,SW Bates,0,0,"",""
ball,2,5.6,Australia,NE Bolton,BL Mooney,SW Bates,1,0,"",""
ball,2,6.1,Australia,NE Bolton,BL Mooney,HR Huddleston,0,0,"",""
ball,2,6.2,Australia,NE Bolton,BL Mooney,HR Huddleston,0,0,"",""
ball,2,6.3,Australia,NE Bolton,BL Mooney,HR Huddleston,0,0,"",""
ball,2,6.4,Australia,NE Bolton,BL Mooney,HR Huddleston,0,0,"",""
ball,2,6.5,Australia,NE Bolton,BL Mooney,HR Huddleston,0,0,bowled,NE Bolton
ball,2,6.6,Australia,MM Lanning,BL Mooney,HR Huddleston,0,0,"",""
ball,2,7.1,Australia,BL Mooney,MM Lanning,SW Bates,1,0,"",""
ball,2,7.2,Australia,MM Lanning,BL Mooney,SW Bates,4,0,"",""
ball,2,7.3,Australia,MM Lanning,BL Mooney,SW Bates,0,0,"",""
ball,2,7.4,Australia,MM Lanning,BL Mooney,SW Bates,0,0,"",""
ball,2,7.5,Australia,MM Lanning,BL Mooney,SW Bates,0,0,"",""
ball,2,7.6,Australia,MM Lanning,BL Mooney,SW Bates,4,0,"",""
ball,2,8.1,Australia,BL Mooney,MM Lanning,HR Huddleston,0,0,"",""
ball,2,8.2,Australia,BL Mooney,MM Lanning,HR Huddleston,4,0,"",""
ball,2,8.3,Australia,BL Mooney,MM Lanning,HR Huddleston,0,0,"",""
ball,2,8.4,Australia,BL Mooney,MM Lanning,HR Huddleston,0,0,"",""
ball,2,8.5,Australia,BL Mooney,MM Lanning,HR Huddleston,0,0,"",""
ball,2,8.6,Australia,BL Mooney,MM Lanning,HR Huddleston,0,0,"",""
ball,2,9.1,Australia,MM Lanning,BL Mooney,EM Bermingham,0,0,"",""
ball,2,9.2,Australia,MM Lanning,BL Mooney,EM Bermingham,1,0,"",""
ball,2,9.3,Australia,BL Mooney,MM Lanning,EM Bermingham,1,0,"",""
ball,2,9.4,Australia,MM Lanning,BL Mooney,EM Bermingham,0,0,"",""
ball,2,9.5,Australia,MM Lanning,BL Mooney,EM Bermingham,1,0,"",""
ball,2,9.6,Australia,BL Mooney,MM Lanning,EM Bermingham,1,0,"",""
ball,2,10.1,Australia,BL Mooney,MM Lanning,LMM Tahuhu,1,0,"",""
ball,2,10.2,Australia,MM Lanning,BL Mooney,LMM Tahuhu,0,0,"",""
ball,2,10.3,Australia,MM Lanning,BL Mooney,LMM Tahuhu,0,0,"",""
ball,2,10.4,Australia,MM Lanning,BL Mooney,LMM Tahuhu,0,0,"",""
ball,2,10.5,Australia,MM Lanning,BL Mooney,LMM Tahuhu,4,0,"",""
ball,2,10.6,Australia,MM Lanning,BL Mooney,LMM Tahuhu,0,0,"",""
ball,2,11.1,Australia,BL Mooney,MM Lanning,EM Bermingham,1,0,"",""
ball,2,11.2,Australia,MM Lanning,BL Mooney,EM Bermingham,0,0,"",""
ball,2,11.3,Australia,MM Lanning,BL Mooney,EM Bermingham,0,0,"",""
ball,2,11.4,Australia,MM Lanning,BL Mooney,EM Bermingham,3,0,"",""
ball,2,11.5,Australia,BL Mooney,MM Lanning,EM Bermingham,0,0,"",""
ball,2,11.6,Australia,BL Mooney,MM Lanning,EM Bermingham,4,0,"",""
ball,2,12.1,Australia,MM Lanning,BL Mooney,LMM Tahuhu,0,0,"",""
ball,2,12.2,Australia,MM Lanning,BL Mooney,LMM Tahuhu,0,0,"",""
ball,2,12.3,Australia,MM Lanning,BL Mooney,LMM Tahuhu,1,0,"",""
ball,2,12.4,Australia,BL Mooney,MM Lanning,LMM Tahuhu,1,0,"",""
ball,2,12.5,Australia,MM Lanning,BL Mooney,LMM Tahuhu,1,0,"",""
ball,2,12.6,Australia,BL Mooney,MM Lanning,LMM Tahuhu,1,0,"",""
ball,2,13.1,Australia,BL Mooney,MM Lanning,EM Bermingham,1,0,"",""
ball,2,13.2,Australia,MM Lanning,BL Mooney,EM Bermingham,4,0,"",""
ball,2,13.3,Australia,MM Lanning,BL Mooney,EM Bermingham,1,0,"",""
ball,2,13.4,Australia,BL Mooney,MM Lanning,EM Bermingham,1,0,"",""
ball,2,13.5,Australia,MM Lanning,BL Mooney,EM Bermingham,1,0,"",""
ball,2,13.6,Australia,BL Mooney,MM Lanning,EM Bermingham,1,0,"",""
ball,2,14.1,Australia,BL Mooney,MM Lanning,HR Huddleston,4,0,"",""
ball,2,14.2,Australia,BL Mooney,MM Lanning,HR Huddleston,2,0,"",""
ball,2,14.3,Australia,BL Mooney,MM Lanning,HR Huddleston,0,0,"",""
ball,2,14.4,Australia,BL Mooney,MM Lanning,HR Huddleston,0,0,"",""
ball,2,14.5,Australia,BL Mooney,MM Lanning,HR Huddleston,0,0,"",""
ball,2,14.6,Australia,BL Mooney,MM Lanning,HR Huddleston,1,0,"",""
ball,2,15.1,Australia,BL Mooney,MM Lanning,AE Satterthwaite,2,0,"",""
ball,2,15.2,Australia,BL Mooney,MM Lanning,AE Satterthwaite,1,0,"",""
ball,2,15.3,Australia,MM Lanning,BL Mooney,AE Satterthwaite,6,0,"",""
ball,2,15.4,Australia,MM Lanning,BL Mooney,AE Satterthwaite,1,0,"",""
ball,2,15.5,Australia,BL Mooney,MM Lanning,AE Satterthwaite,1,0,"",""
ball,2,15.6,Australia,MM Lanning,BL Mooney,AE Satterthwaite,1,0,"",""
ball,2,16.1,Australia,MM Lanning,BL Mooney,HR Huddleston,0,1,"",""
ball,2,16.2,Australia,MM Lanning,BL Mooney,HR Huddleston,0,0,"",""
ball,2,16.3,Australia,MM Lanning,BL Mooney,HR Huddleston,0,0,"",""
ball,2,16.4,Australia,MM Lanning,BL Mooney,HR Huddleston,0,0,"",""
ball,2,16.5,Australia,MM Lanning,BL Mooney,HR Huddleston,0,0,"",""
ball,2,16.6,Australia,MM Lanning,BL Mooney,HR Huddleston,1,0,"",""
ball,2,16.7,Australia,BL Mooney,MM Lanning,HR Huddleston,0,0,"",""
ball,2,17.1,Australia,MM Lanning,BL Mooney,SW Bates,4,0,"",""
ball,2,17.2,Australia,MM Lanning,BL Mooney,SW Bates,0,0,"",""
ball,2,17.3,Australia,MM Lanning,BL Mooney,SW Bates,1,0,"",""
ball,2,17.4,Australia,BL Mooney,MM Lanning,SW Bates,2,0,"",""
ball,2,17.5,Australia,BL Mooney,MM Lanning,SW Bates,0,0,"",""
ball,2,17.6,Australia,BL Mooney,MM Lanning,SW Bates,1,0,"",""
ball,2,18.1,Australia,BL Mooney,MM Lanning,HR Huddleston,0,0,"",""
ball,2,18.2,Australia,BL Mooney,MM Lanning,HR Huddleston,1,1,"",""
ball,2,18.3,Australia,MM Lanning,BL Mooney,HR Huddleston,1,0,"",""
ball,2,18.4,Australia,BL Mooney,MM Lanning,HR Huddleston,0,0,"",""
ball,2,18.5,Australia,BL Mooney,MM Lanning,HR Huddleston,1,1,"",""
ball,2,18.6,Australia,MM Lanning,BL Mooney,HR Huddleston,0,0,"",""
ball,2,18.7,Australia,MM Lanning,BL Mooney,HR Huddleston,1,0,"",""
ball,2,18.8,Australia,BL Mooney,MM Lanning,HR Huddleston,2,0,"",""
ball,2,19.1,Australia,MM Lanning,BL Mooney,SW Bates,1,0,"",""
ball,2,19.2,Australia,BL Mooney,MM Lanning,SW Bates,0,0,"",""
ball,2,19.3,Australia,BL Mooney,MM Lanning,SW Bates,0,0,"",""
ball,2,19.4,Australia,BL Mooney,MM Lanning,SW Bates,1,0,"",""
ball,2,19.5,Australia,MM Lanning,BL Mooney,SW Bates,0,0,"",""
ball,2,19.6,Australia,MM Lanning,BL Mooney,SW Bates,2,0,"",""
ball,2,20.1,Australia,BL Mooney,MM Lanning,AC Kerr,2,0,"",""
ball,2,20.2,Australia,BL Mooney,MM Lanning,AC Kerr,0,0,"",""
ball,2,20.3,Australia,BL Mooney,MM Lanning,AC Kerr,1,0,"",""
ball,2,20.4,Australia,MM Lanning,BL Mooney,AC Kerr,0,0,bowled,MM Lanning
ball,2,20.5,Australia,EJ Villani,BL Mooney,AC Kerr,0,0,bowled,EJ Villani
ball,2,20.6,Australia,AJ Blackwell,BL Mooney,AC Kerr,1,0,"",""
ball,2,21.1,Australia,AJ Blackwell,BL Mooney,SW Bates,0,0,"",""
ball,2,21.2,Australia,AJ Blackwell,BL Mooney,SW Bates,0,0,"",""
ball,2,21.3,Australia,AJ Blackwell,BL Mooney,SW Bates,0,0,"",""
ball,2,21.4,Australia,AJ Blackwell,BL Mooney,SW Bates,0,0,"",""
ball,2,21.5,Australia,AJ Blackwell,BL Mooney,SW Bates,0,0,"",""
ball,2,21.6,Australia,AJ Blackwell,BL Mooney,SW Bates,0,0,"",""
ball,2,22.1,Australia,BL Mooney,AJ Blackwell,AC Kerr,1,0,"",""
ball,2,22.2,Australia,AJ Blackwell,BL Mooney,AC Kerr,4,0,"",""
ball,2,22.3,Australia,AJ Blackwell,BL Mooney,AC Kerr,1,0,"",""
ball,2,22.4,Australia,BL Mooney,AJ Blackwell,AC Kerr,1,0,"",""
ball,2,22.5,Australia,AJ Blackwell,BL Mooney,AC Kerr,0,0,"",""
ball,2,22.6,Australia,AJ Blackwell,BL Mooney,AC Kerr,0,0,"",""
ball,2,23.1,Australia,BL Mooney,AJ Blackwell,EM Bermingham,1,0,"",""
ball,2,23.2,Australia,AJ Blackwell,BL Mooney,EM Bermingham,1,0,"",""
ball,2,23.3,Australia,BL Mooney,AJ Blackwell,EM Bermingham,0,0,"",""
ball,2,23.4,Australia,BL Mooney,AJ Blackwell,EM Bermingham,1,0,"",""
ball,2,23.5,Australia,AJ Blackwell,BL Mooney,EM Bermingham,0,0,"",""
ball,2,23.6,Australia,AJ Blackwell,BL Mooney,EM Bermingham,0,0,"",""
ball,2,24.1,Australia,BL Mooney,AJ Blackwell,AC Kerr,2,0,"",""
ball,2,24.2,Australia,BL Mooney,AJ Blackwell,AC Kerr,1,0,"",""
ball,2,24.3,Australia,AJ Blackwell,BL Mooney,AC Kerr,4,0,"",""
ball,2,24.4,Australia,AJ Blackwell,BL Mooney,AC Kerr,0,0,"",""
ball,2,24.5,Australia,AJ Blackwell,BL Mooney,AC Kerr,0,0,"",""
ball,2,24.6,Australia,AJ Blackwell,BL Mooney,AC Kerr,1,0,"",""
ball,2,25.1,Australia,AJ Blackwell,BL Mooney,EM Bermingham,0,0,"",""
ball,2,25.2,Australia,AJ Blackwell,BL Mooney,EM Bermingham,1,0,"",""
ball,2,25.3,Australia,BL Mooney,AJ Blackwell,EM Bermingham,4,0,"",""
ball,2,25.4,Australia,BL Mooney,AJ Blackwell,EM Bermingham,1,0,"",""
ball,2,25.5,Australia,AJ Blackwell,BL Mooney,EM Bermingham,4,0,"",""
ball,2,25.6,Australia,AJ Blackwell,BL Mooney,EM Bermingham,0,0,"",""
ball,2,26.1,Australia,BL Mooney,AJ Blackwell,AC Kerr,0,0,bowled,BL Mooney
ball,2,26.2,Australia,AJ Healy,AJ Blackwell,AC Kerr,0,0,"",""
ball,2,26.3,Australia,AJ Healy,AJ Blackwell,AC Kerr,0,0,"",""
ball,2,26.4,Australia,AJ Healy,AJ Blackwell,AC Kerr,1,0,"",""
ball,2,26.5,Australia,AJ Blackwell,AJ Healy,AC Kerr,1,0,"",""
ball,2,26.6,Australia,AJ Healy,AJ Blackwell,AC Kerr,0,0,"",""
ball,2,27.1,Australia,AJ Blackwell,AJ Healy,HR Huddleston,0,0,"",""
ball,2,27.2,Australia,AJ Blackwell,AJ Healy,HR Huddleston,0,0,"",""
ball,2,27.3,Australia,AJ Blackwell,AJ Healy,HR Huddleston,0,0,"",""
ball,2,27.4,Australia,AJ Blackwell,AJ Healy,HR Huddleston,0,0,"",""
ball,2,27.5,Australia,AJ Blackwell,AJ Healy,HR Huddleston,0,0,"",""
ball,2,27.6,Australia,AJ Blackwell,AJ Healy,HR Huddleston,4,0,"",""
ball,2,28.1,Australia,AJ Healy,AJ Blackwell,AC Kerr,0,0,"",""
ball,2,28.2,Australia,AJ Healy,AJ Blackwell,AC Kerr,1,0,"",""
ball,2,28.3,Australia,AJ Blackwell,AJ Healy,AC Kerr,0,0,"",""
ball,2,28.4,Australia,AJ Blackwell,AJ Healy,AC Kerr,0,0,"",""
ball,2,28.5,Australia,AJ Blackwell,AJ Healy,AC Kerr,1,0,"",""
ball,2,28.6,Australia,AJ Healy,AJ Blackwell,AC Kerr,1,0,"",""
ball,2,29.1,Australia,AJ Healy,AJ Blackwell,HR Huddleston,0,0,"",""
ball,2,29.2,Australia,AJ Healy,AJ Blackwell,HR Huddleston,1,1,"",""
ball,2,29.3,Australia,AJ Blackwell,AJ Healy,HR Huddleston,1,0,"",""
ball,2,29.4,Australia,AJ Healy,AJ Blackwell,HR Huddleston,0,0,"",""
ball,2,29.5,Australia,AJ Healy,AJ Blackwell,HR Huddleston,4,0,"",""
ball,2,29.6,Australia,AJ Healy,AJ Blackwell,HR Huddleston,0,0,"",""
ball,2,29.7,Australia,AJ Healy,AJ Blackwell,HR Huddleston,0,0,"",""
ball,2,30.1,Australia,AJ Blackwell,AJ Healy,LMM Tahuhu,2,0,"",""
ball,2,30.2,Australia,AJ Blackwell,AJ Healy,LMM Tahuhu,1,0,"",""
ball,2,30.3,Australia,AJ Healy,AJ Blackwell,LMM Tahuhu,1,0,"",""
ball,2,30.4,Australia,AJ Blackwell,AJ Healy,LMM Tahuhu,1,0,"",""
ball,2,30.5,Australia,AJ Healy,AJ Blackwell,LMM Tahuhu,1,0,"",""
ball,2,30.6,Australia,AJ Blackwell,AJ Healy,LMM Tahuhu,0,0,"",""
ball,2,31.1,Australia,AJ Healy,AJ Blackwell,SW Bates,2,0,"",""
ball,2,31.2,Australia,AJ Healy,AJ Blackwell,SW Bates,1,0,"",""
ball,2,31.3,Australia,AJ Blackwell,AJ Healy,SW Bates,0,0,"",""
ball,2,31.4,Australia,AJ Blackwell,AJ Healy,SW Bates,1,0,"",""
ball,2,31.5,Australia,AJ Healy,AJ Blackwell,SW Bates,0,0,"",""
ball,2,31.6,Australia,AJ Healy,AJ Blackwell,SW Bates,1,0,"",""
ball,2,32.1,Australia,AJ Healy,AJ Blackwell,LMM Tahuhu,0,0,"",""
ball,2,32.2,Australia,AJ Healy,AJ Blackwell,LMM Tahuhu,1,0,"",""
ball,2,32.3,Australia,AJ Blackwell,AJ Healy,LMM Tahuhu,0,0,"",""
ball,2,32.4,Australia,AJ Blackwell,AJ Healy,LMM Tahuhu,0,0,"",""
ball,2,32.5,Australia,AJ Blackwell,AJ Healy,LMM Tahuhu,0,0,"",""
ball,2,32.6,Australia,AJ Blackwell,AJ Healy,LMM Tahuhu,2,0,"",""
ball,2,33.1,Australia,AJ Healy,AJ Blackwell,AM Peterson,1,0,"",""
ball,2,33.2,Australia,AJ Blackwell,AJ Healy,AM Peterson,0,0,"",""
ball,2,33.3,Australia,AJ Blackwell,AJ Healy,AM Peterson,4,0,"",""
ball,2,33.4,Australia,AJ Blackwell,AJ Healy,AM Peterson,0,0,"",""
ball,2,33.5,Australia,AJ Blackwell,AJ Healy,AM Peterson,1,0,"",""
ball,2,33.6,Australia,AJ Healy,AJ Blackwell,AM Peterson,1,0,"",""
ball,2,34.1,Australia,AJ Healy,AJ Blackwell,LMM Tahuhu,0,0,"",""
ball,2,34.2,Australia,AJ Healy,AJ Blackwell,LMM Tahuhu,0,0,"",""
ball,2,34.3,Australia,AJ Healy,AJ Blackwell,LMM Tahuhu,0,0,"",""
ball,2,34.4,Australia,AJ Healy,AJ Blackwell,LMM Tahuhu,2,0,"",""
ball,2,34.5,Australia,AJ Healy,AJ Blackwell,LMM Tahuhu,4,0,"",""
ball,2,34.6,Australia,AJ Healy,AJ Blackwell,LMM Tahuhu,4,0,"",""
ball,2,35.1,Australia,AJ Blackwell,AJ Healy,SW Bates,0,0,"",""
ball,2,35.2,Australia,AJ Blackwell,AJ Healy,SW Bates,1,0,"",""
ball,2,35.3,Australia,AJ Healy,AJ Blackwell,SW Bates,0,0,"",""
ball,2,35.4,Australia,AJ Healy,AJ Blackwell,SW Bates,1,0,"",""
ball,2,35.5,Australia,AJ Blackwell,AJ Healy,SW Bates,1,0,"",""
ball,2,35.6,Australia,AJ Healy,AJ Blackwell,SW Bates,0,0,"",""
ball,2,36.1,Australia,AJ Blackwell,AJ Healy,AC Kerr,0,0,"",""
ball,2,36.2,Australia,AJ Blackwell,AJ Healy,AC Kerr,1,0,"",""
ball,2,36.3,Australia,AJ Healy,AJ Blackwell,AC Kerr,0,0,"",""
ball,2,36.4,Australia,AJ Healy,AJ Blackwell,AC Kerr,4,0,"",""
ball,2,36.5,Australia,AJ Healy,AJ Blackwell,AC Kerr,1,0,"",""
ball,2,36.6,Australia,AJ Blackwell,AJ Healy,AC Kerr,1,0,"",""
ball,2,37.1,Australia,AJ Blackwell,AJ Healy,SW Bates,1,0,"",""
ball,2,37.2,Australia,AJ Healy,AJ Blackwell,SW Bates,1,0,"",""
ball,2,37.3,Australia,AJ Blackwell,AJ Healy,SW Bates,2,0,"",""
ball,2,37.4,Australia,AJ Blackwell,AJ Healy,SW Bates,0,0,"",""
ball,2,37.5,Australia,AJ Blackwell,AJ Healy,SW Bates,0,1,"",""
ball,2,37.6,Australia,AJ Blackwell,AJ Healy,SW Bates,2,0,"",""
ball,2,37.7,Australia,AJ Blackwell,AJ Healy,SW Bates,0,0,"",""
ball,2,38.1,Australia,AJ Healy,AJ Blackwell,AC Kerr,1,0,"",""
ball,2,38.2,Australia,AJ Blackwell,AJ Healy,AC Kerr,0,1,"",""
ball,2,38.3,Australia,AJ Blackwell,AJ Healy,AC Kerr,4,0,"",""
ball,2,38.4,Australia,AJ Blackwell,AJ Healy,AC Kerr,1,0,"",""
ball,2,38.5,Australia,AJ Healy,AJ Blackwell,AC Kerr,0,0,"",""
ball,2,38.6,Australia,AJ Healy,AJ Blackwell,AC Kerr,1,0,"",""
ball,2,38.7,Australia,AJ Blackwell,AJ Healy,AC Kerr,1,0,"",""
ball,2,39.1,Australia,AJ Blackwell,AJ Healy,HR Huddleston,2,0,"",""
ball,2,39.2,Australia,AJ Blackwell,AJ Healy,HR Huddleston,0,0,"",""
ball,2,39.3,Australia,AJ Blackwell,AJ Healy,HR Huddleston,0,0,"",""
ball,2,39.4,Australia,AJ Blackwell,AJ Healy,HR Huddleston,4,0,"",""
ball,2,39.5,Australia,AJ Blackwell,AJ Healy,HR Huddleston,2,0,"",""
ball,2,39.6,Australia,AJ Blackwell,AJ Healy,HR Huddleston,0,0,"",""
ball,2,40.1,Australia,AJ Healy,AJ Blackwell,AC Kerr,0,0,"",""
ball,2,40.2,Australia,AJ Healy,AJ Blackwell,AC Kerr,0,0,caught and bowled,AJ Healy
ball,2,40.3,Australia,JL Jonassen,AJ Blackwell,AC Kerr,2,0,"",""
ball,2,40.4,Australia,JL Jonassen,AJ Blackwell,AC Kerr,0,0,"",""
ball,2,40.5,Australia,JL Jonassen,AJ Blackwell,AC Kerr,0,0,"",""
ball,2,40.6,Australia,JL Jonassen,AJ Blackwell,AC Kerr,0,0,"",""
ball,2,41.1,Australia,AJ Blackwell,JL Jonassen,AM Peterson,1,0,"",""
ball,2,41.2,Australia,JL Jonassen,AJ Blackwell,AM Peterson,0,0,"",""
ball,2,41.3,Australia,JL Jonassen,AJ Blackwell,AM Peterson,1,0,"",""
ball,2,41.4,Australia,AJ Blackwell,JL Jonassen,AM Peterson,1,0,"",""
ball,2,41.5,Australia,JL Jonassen,AJ Blackwell,AM Peterson,1,0,"",""
ball,2,41.6,Australia,AJ Blackwell,JL Jonassen,AM Peterson,0,0,"",""
ball,2,42.1,Australia,JL Jonassen,AJ Blackwell,AC Kerr,4,0,"",""
ball,2,42.2,Australia,JL Jonassen,AJ Blackwell,AC Kerr,0,0,"",""
ball,2,42.3,Australia,JL Jonassen,AJ Blackwell,AC Kerr,3,0,"",""
ball,2,42.4,Australia,AJ Blackwell,JL Jonassen,AC Kerr,4,0,"",""
ball,2,42.5,Australia,AJ Blackwell,JL Jonassen,AC Kerr,0,0,"",""
ball,2,42.6,Australia,AJ Blackwell,JL Jonassen,AC Kerr,0,0,"",""
ball,2,43.1,Australia,JL Jonassen,AJ Blackwell,AM Peterson,1,0,"",""
ball,2,43.2,Australia,AJ Blackwell,JL Jonassen,AM Peterson,0,0,caught,AJ Blackwell
ball,2,43.3,Australia,JL Jonassen,A Gardner,AM Peterson,0,0,"",""
ball,2,43.4,Australia,JL Jonassen,A Gardner,AM Peterson,1,0,"",""
ball,2,43.5,Australia,A Gardner,JL Jonassen,AM Peterson,0,0,"",""
ball,2,43.6,Australia,A Gardner,JL Jonassen,AM Peterson,0,0,"",""
ball,2,44.1,Australia,JL Jonassen,A Gardner,AC Kerr,0,0,"",""
ball,2,44.2,Australia,JL Jonassen,A Gardner,AC Kerr,0,0,"",""
ball,2,44.3,Australia,JL Jonassen,A Gardner,AC Kerr,1,0,"",""
ball,2,44.4,Australia,A Gardner,JL Jonassen,AC Kerr,0,0,"",""
ball,2,44.5,Australia,A Gardner,JL Jonassen,AC Kerr,0,0,"",""
ball,2,44.6,Australia,A Gardner,JL Jonassen,AC Kerr,0,0,"",""
ball,2,45.1,Australia,JL Jonassen,A Gardner,AM Peterson,0,0,"",""
ball,2,45.2,Australia,JL Jonassen,A Gardner,AM Peterson,1,0,"",""
ball,2,45.3,Australia,A Gardner,JL Jonassen,AM Peterson,4,0,"",""
ball,2,45.4,Australia,A Gardner,JL Jonassen,AM Peterson,4,0,"",""
ball,2,45.5,Australia,A Gardner,JL Jonassen,AM Peterson,0,0,"",""
ball,2,45.6,Australia,A Gardner,JL Jonassen,AM Peterson,0,0,"",""
ball,2,46.1,Australia,JL Jonassen,A Gardner,LMM Tahuhu,4,0,"",""
ball,2,46.2,Australia,JL Jonassen,A Gardner,LMM Tahuhu,0,0,"",""
ball,2,46.3,Australia,JL Jonassen,A Gardner,LMM Tahuhu,0,0,"",""
ball,2,46.4,Australia,JL Jonassen,A Gardner,LMM Tahuhu,0,0,"",""
ball,2,46.5,Australia,JL Jonassen,A Gardner,LMM Tahuhu,0,0,"",""
ball,2,46.6,Australia,JL Jonassen,A Gardner,LMM Tahuhu,0,0,"",""
ball,2,47.1,Australia,A Gardner,JL Jonassen,SW Bates,0,0,"",""
ball,2,47.2,Australia,A Gardner,JL Jonassen,SW Bates,4,0,"",""
