version,1.3.0
info,team,New Zealand
info,team,Pakistan
info,gender,female
info,season,2016/17
info,date,2016/11/17
info,competition,"ICC Women's Championship, 2014-2016/17"
info,match_number,4
info,series,Pakistan Women in New Zealand ODI Series
info,match_number,4
info,venue,Saxton Oval
info,city,Nelson
info,toss_winner,New Zealand
info,toss_decision,field
info,umpire,JM Dempsey
info,umpire,RG Hooper
info,match_referee,SR Bernard
info,winner,New Zealand
info,winner_wickets,7
ball,1,0.1,Pakistan,Ayesha Zafar,Nahida Khan,LMM Tahuhu,0,0,"",""
ball,1,0.2,Pakistan,Ayesha Zafar,Nahida Khan,LMM Tahuhu,0,0,"",""
ball,1,0.3,Pakistan,Ayesha Zafar,Nahida Khan,LMM Tahuhu,0,0,"",""
ball,1,0.4,Pakistan,Ayesha Zafar,Nahida Khan,LMM Tahuhu,0,0,"",""
ball,1,0.5,Pakistan,Ayesha Zafar,Nahida Khan,LMM Tahuhu,0,0,"",""
ball,1,0.6,Pakistan,Ayesha Zafar,Nahida Khan,LMM Tahuhu,1,0,"",""
ball,1,1.1,Pakistan,Ayesha Zafar,Nahida Khan,MJG Nielsen,0,0,"",""
ball,1,1.2,Pakistan,Ayesha Zafar,Nahida Khan,MJG Nielsen,0,0,"",""
ball,1,1.3,Pakistan,Ayesha Zafar,Nahida Khan,MJG Nielsen,1,0,"",""
ball,1,1.4,Pakistan,Nahida Khan,Ayesha Zafar,MJG Nielsen,0,0,"",""
ball,1,1.5,Pakistan,Nahida Khan,Ayesha Zafar,MJG Nielsen,0,0,"",""
ball,1,1.6,Pakistan,Nahida Khan,Ayesha Zafar,MJG Nielsen,0,0,"",""
ball,1,2.1,Pakistan,Ayesha Zafar,Nahida Khan,LMM Tahuhu,0,1,"",""
ball,1,2.2,Pakistan,Nahida Khan,Ayesha Zafar,LMM Tahuhu,0,0,"",""
ball,1,2.3,Pakistan,Nahida Khan,Ayesha Zafar,LMM Tahuhu,0,0,"",""
ball,1,2.4,Pakistan,Nahida Khan,Ayesha Zafar,LMM Tahuhu,0,0,"",""
ball,1,2.5,Pakistan,Nahida Khan,Ayesha Zafar,LMM Tahuhu,0,0,"",""
ball,1,2.6,Pakistan,Nahida Khan,Ayesha Zafar,LMM Tahuhu,1,0,"",""
ball,1,3.1,Pakistan,Nahida Khan,Ayesha Zafar,MJG Nielsen,1,0,"",""
ball,1,3.2,Pakistan,Ayesha Zafar,Nahida Khan,MJG Nielsen,0,0,"",""
ball,1,3.3,Pakistan,Ayesha Zafar,Nahida Khan,MJG Nielsen,0,0,"",""
ball,1,3.4,Pakistan,Ayesha Zafar,Nahida Khan,MJG Nielsen,4,0,"",""
ball,1,3.5,Pakistan,Ayesha Zafar,Nahida Khan,MJG Nielsen,4,0,"",""
ball,1,3.6,Pakistan,Ayesha Zafar,Nahida Khan,MJG Nielsen,0,0,"",""
ball,1,4.1,Pakistan,Nahida Khan,Ayesha Zafar,LMM Tahuhu,0,0,"",""
ball,1,4.2,Pakistan,Nahida Khan,Ayesha Zafar,LMM Tahuhu,0,0,"",""
ball,1,4.3,Pakistan,Nahida Khan,Ayesha Zafar,LMM Tahuhu,0,0,"",""
ball,1,4.4,Pakistan,Nahida Khan,Ayesha Zafar,LMM Tahuhu,0,0,"",""
ball,1,4.5,Pakistan,Nahida Khan,Ayesha Zafar,LMM Tahuhu,0,0,"",""
ball,1,4.6,Pakistan,Nahida Khan,Ayesha Zafar,LMM Tahuhu,0,0,"",""
ball,1,5.1,Pakistan,Ayesha Zafar,Nahida Khan,MJG Nielsen,4,0,"",""
ball,1,5.2,Pakistan,Ayesha Zafar,Nahida Khan,MJG Nielsen,0,0,"",""
ball,1,5.3,Pakistan,Ayesha Zafar,Nahida Khan,MJG Nielsen,4,0,"",""
ball,1,5.4,Pakistan,Ayesha Zafar,Nahida Khan,MJG Nielsen,0,0,"",""
ball,1,5.5,Pakistan,Ayesha Zafar,Nahida Khan,MJG Nielsen,0,0,"",""
ball,1,5.6,Pakistan,Ayesha Zafar,Nahida Khan,MJG Nielsen,0,0,"",""
ball,1,6.1,Pakistan,Nahida Khan,Ayesha Zafar,LMM Tahuhu,0,0,"",""
ball,1,6.2,Pakistan,Nahida Khan,Ayesha Zafar,LMM Tahuhu,3,0,"",""
ball,1,6.3,Pakistan,Ayesha Zafar,Nahida Khan,LMM Tahuhu,0,0,"",""
ball,1,6.4,Pakistan,Ayesha Zafar,Nahida Khan,LMM Tahuhu,1,0,"",""
ball,1,6.5,Pakistan,Nahida Khan,Ayesha Zafar,LMM Tahuhu,4,0,"",""
ball,1,6.6,Pakistan,Nahida Khan,Ayesha Zafar,LMM Tahuhu,0,0,"",""
ball,1,7.1,Pakistan,Ayesha Zafar,Nahida Khan,SW Bates,1,0,"",""
ball,1,7.2,Pakistan,Nahida Khan,Ayesha Zafar,SW Bates,1,0,"",""
ball,1,7.3,Pakistan,Ayesha Zafar,Nahida Khan,SW Bates,0,0,"",""
ball,1,7.4,Pakistan,Ayesha Zafar,Nahida Khan,SW Bates,0,0,"",""
ball,1,7.5,Pakistan,Ayesha Zafar,Nahida Khan,SW Bates,0,0,"",""
ball,1,7.6,Pakistan,Ayesha Zafar,Nahida Khan,SW Bates,0,0,"",""
ball,1,8.1,Pakistan,Nahida Khan,Ayesha Zafar,HR Huddleston,0,1,"",""
ball,1,8.2,Pakistan,Nahida Khan,Ayesha Zafar,HR Huddleston,0,1,"",""
ball,1,8.3,Pakistan,Nahida Khan,Ayesha Zafar,HR Huddleston,0,0,"",""
ball,1,8.4,Pakistan,Nahida Khan,Ayesha Zafar,HR Huddleston,0,0,"",""
ball,1,8.5,Pakistan,Nahida Khan,Ayesha Zafar,HR Huddleston,0,0,"",""
ball,1,8.6,Pakistan,Nahida Khan,Ayesha Zafar,HR Huddleston,0,0,"",""
ball,1,8.7,Pakistan,Nahida Khan,Ayesha Zafar,HR Huddleston,0,0,"",""
ball,1,8.8,Pakistan,Nahida Khan,Ayesha Zafar,HR Huddleston,4,0,"",""
ball,1,9.1,Pakistan,Ayesha Zafar,Nahida Khan,SW Bates,0,0,"",""
ball,1,9.2,Pakistan,Ayesha Zafar,Nahida Khan,SW Bates,0,0,"",""
ball,1,9.3,Pakistan,Ayesha Zafar,Nahida Khan,SW Bates,0,0,"",""
ball,1,9.4,Pakistan,Ayesha Zafar,Nahida Khan,SW Bates,0,0,"",""
ball,1,9.5,Pakistan,Ayesha Zafar,Nahida Khan,SW Bates,0,0,"",""
ball,1,9.6,Pakistan,Ayesha Zafar,Nahida Khan,SW Bates,1,0,"",""
ball,1,10.1,Pakistan,Ayesha Zafar,Nahida Khan,HR Huddleston,0,0,"",""
ball,1,10.2,Pakistan,Ayesha Zafar,Nahida Khan,HR Huddleston,0,0,"",""
ball,1,10.3,Pakistan,Ayesha Zafar,Nahida Khan,HR Huddleston,0,0,"",""
ball,1,10.4,Pakistan,Ayesha Zafar,Nahida Khan,HR Huddleston,3,0,"",""
ball,1,10.5,Pakistan,Nahida Khan,Ayesha Zafar,HR Huddleston,1,0,"",""
ball,1,10.6,Pakistan,Ayesha Zafar,Nahida Khan,HR Huddleston,0,0,"",""
ball,1,11.1,Pakistan,Nahida Khan,Ayesha Zafar,SW Bates,0,0,"",""
ball,1,11.2,Pakistan,Nahida Khan,Ayesha Zafar,SW Bates,1,0,"",""
ball,1,11.3,Pakistan,Ayesha Zafar,Nahida Khan,SW Bates,0,0,"",""
ball,1,11.4,Pakistan,Ayesha Zafar,Nahida Khan,SW Bates,0,3,"",""
ball,1,11.5,Pakistan,Ayesha Zafar,Nahida Khan,SW Bates,0,0,"",""
ball,1,11.6,Pakistan,Ayesha Zafar,Nahida Khan,SW Bates,0,0,"",""
ball,1,11.7,Pakistan,Ayesha Zafar,Nahida Khan,SW Bates,0,0,"",""
ball,1,12.1,Pakistan,Nahida Khan,Ayesha Zafar,HR Huddleston,0,0,caught,Nahida Khan
ball,1,12.2,Pakistan,Javeria Khan,Ayesha Zafar,HR Huddleston,0,0,"",""
ball,1,12.3,Pakistan,Javeria Khan,Ayesha Zafar,HR Huddleston,0,0,"",""
ball,1,12.4,Pakistan,Javeria Khan,Ayesha Zafar,HR Huddleston,1,0,"",""
ball,1,12.5,Pakistan,Ayesha Zafar,Javeria Khan,HR Huddleston,0,0,"",""
ball,1,12.6,Pakistan,Ayesha Zafar,Javeria Khan,HR Huddleston,0,0,"",""
ball,1,13.1,Pakistan,Javeria Khan,Ayesha Zafar,MJG Nielsen,0,0,"",""
ball,1,13.2,Pakistan,Javeria Khan,Ayesha Zafar,MJG Nielsen,0,0,"",""
ball,1,13.3,Pakistan,Javeria Khan,Ayesha Zafar,MJG Nielsen,0,0,"",""
ball,1,13.4,Pakistan,Javeria Khan,Ayesha Zafar,MJG Nielsen,0,0,"",""
ball,1,13.5,Pakistan,Javeria Khan,Ayesha Zafar,MJG Nielsen,0,0,"",""
ball,1,13.6,Pakistan,Javeria Khan,Ayesha Zafar,MJG Nielsen,0,0,"",""
ball,1,14.1,Pakistan,Ayesha Zafar,Javeria Khan,HR Huddleston,4,0,"",""
ball,1,14.2,Pakistan,Ayesha Zafar,Javeria Khan,HR Huddleston,0,0,"",""
ball,1,14.3,Pakistan,Ayesha Zafar,Javeria Khan,HR Huddleston,1,0,"",""
ball,1,14.4,Pakistan,Javeria Khan,Ayesha Zafar,HR Huddleston,0,0,"",""
ball,1,14.5,Pakistan,Javeria Khan,Ayesha Zafar,HR Huddleston,0,0,"",""
ball,1,14.6,Pakistan,Javeria Khan,Ayesha Zafar,HR Huddleston,0,0,"",""
ball,1,15.1,Pakistan,Ayesha Zafar,Javeria Khan,MJG Nielsen,0,0,"",""
ball,1,15.2,Pakistan,Ayesha Zafar,Javeria Khan,MJG Nielsen,0,0,"",""
ball,1,15.3,Pakistan,Ayesha Zafar,Javeria Khan,MJG Nielsen,0,3,"",""
ball,1,15.4,Pakistan,Ayesha Zafar,Javeria Khan,MJG Nielsen,1,0,"",""
ball,1,15.5,Pakistan,Javeria Khan,Ayesha Zafar,MJG Nielsen,0,0,"",""
ball,1,15.6,Pakistan,Javeria Khan,Ayesha Zafar,MJG Nielsen,0,0,"",""
ball,1,15.7,Pakistan,Javeria Khan,Ayesha Zafar,MJG Nielsen,0,0,"",""
ball,1,16.1,Pakistan,Ayesha Zafar,Javeria Khan,AC Kerr,0,0,"",""
ball,1,16.2,Pakistan,Ayesha Zafar,Javeria Khan,AC Kerr,0,0,"",""
ball,1,16.3,Pakistan,Ayesha Zafar,Javeria Khan,AC Kerr,1,0,"",""
ball,1,16.4,Pakistan,Javeria Khan,Ayesha Zafar,AC Kerr,0,0,"",""
ball,1,16.5,Pakistan,Javeria Khan,Ayesha Zafar,AC Kerr,0,0,"",""
ball,1,16.6,Pakistan,Javeria Khan,Ayesha Zafar,AC Kerr,1,0,"",""
ball,1,17.1,Pakistan,Javeria Khan,Ayesha Zafar,MJG Nielsen,0,0,"",""
ball,1,17.2,Pakistan,Javeria Khan,Ayesha Zafar,MJG Nielsen,4,0,"",""
ball,1,17.3,Pakistan,Javeria Khan,Ayesha Zafar,MJG Nielsen,0,0,"",""
ball,1,17.4,Pakistan,Javeria Khan,Ayesha Zafar,MJG Nielsen,1,0,"",""
ball,1,17.5,Pakistan,Ayesha Zafar,Javeria Khan,MJG Nielsen,0,0,"",""
ball,1,17.6,Pakistan,Ayesha Zafar,Javeria Khan,MJG Nielsen,1,0,"",""
ball,1,18.1,Pakistan,Ayesha Zafar,Javeria Khan,AC Kerr,1,0,"",""
ball,1,18.2,Pakistan,Javeria Khan,Ayesha Zafar,AC Kerr,4,0,"",""
ball,1,18.3,Pakistan,Javeria Khan,Ayesha Zafar,AC Kerr,0,0,"",""
ball,1,18.4,Pakistan,Javeria Khan,Ayesha Zafar,AC Kerr,0,0,"",""
ball,1,18.5,Pakistan,Javeria Khan,Ayesha Zafar,AC Kerr,0,0,"",""
ball,1,18.6,Pakistan,Javeria Khan,Ayesha Zafar,AC Kerr,2,0,"",""
ball,1,19.1,Pakistan,Ayesha Zafar,Javeria Khan,AE Satterthwaite,1,0,"",""
ball,1,19.2,Pakistan,Javeria Khan,Ayesha Zafar,AE Satterthwaite,1,0,"",""
ball,1,19.3,Pakistan,Ayesha Zafar,Javeria Khan,AE Satterthwaite,0,0,"",""
ball,1,19.4,Pakistan,Ayesha Zafar,Javeria Khan,AE Satterthwaite,0,0,"",""
ball,1,19.5,Pakistan,Ayesha Zafar,Javeria Khan,AE Satterthwaite,1,0,"",""
ball,1,19.6,Pakistan,Javeria Khan,Ayesha Zafar,AE Satterthwaite,0,0,"",""
ball,1,20.1,Pakistan,Ayesha Zafar,Javeria Khan,AC Kerr,0,0,"",""
ball,1,20.2,Pakistan,Ayesha Zafar,Javeria Khan,AC Kerr,0,2,"",""
ball,1,20.3,Pakistan,Ayesha Zafar,Javeria Khan,AC Kerr,4,0,"",""
ball,1,20.4,Pakistan,Ayesha Zafar,Javeria Khan,AC Kerr,0,0,"",""
ball,1,20.5,Pakistan,Ayesha Zafar,Javeria Khan,AC Kerr,1,0,"",""
ball,1,20.6,Pakistan,Javeria Khan,Ayesha Zafar,AC Kerr,0,0,"",""
ball,1,21.1,Pakistan,Ayesha Zafar,Javeria Khan,AE Satterthwaite,2,0,"",""
ball,1,21.2,Pakistan,Ayesha Zafar,Javeria Khan,AE Satterthwaite,1,0,"",""
ball,1,21.3,Pakistan,Javeria Khan,Ayesha Zafar,AE Satterthwaite,0,0,"",""
ball,1,21.4,Pakistan,Javeria Khan,Ayesha Zafar,AE Satterthwaite,1,0,"",""
ball,1,21.5,Pakistan,Ayesha Zafar,Javeria Khan,AE Satterthwaite,0,0,"",""
ball,1,21.6,Pakistan,Ayesha Zafar,Javeria Khan,AE Satterthwaite,0,0,"",""
ball,1,22.1,Pakistan,Javeria Khan,Ayesha Zafar,AC Kerr,0,0,"",""
ball,1,22.2,Pakistan,Javeria Khan,Ayesha Zafar,AC Kerr,0,0,"",""
ball,1,22.3,Pakistan,Javeria Khan,Ayesha Zafar,AC Kerr,0,0,"",""
ball,1,22.4,Pakistan,Javeria Khan,Ayesha Zafar,AC Kerr,0,0,"",""
ball,1,22.5,Pakistan,Javeria Khan,Ayesha Zafar,AC Kerr,1,0,"",""
ball,1,22.6,Pakistan,Ayesha Zafar,Javeria Khan,AC Kerr,0,0,"",""
ball,1,23.1,Pakistan,Javeria Khan,Ayesha Zafar,AE Satterthwaite,4,0,"",""
ball,1,23.2,Pakistan,Javeria Khan,Ayesha Zafar,AE Satterthwaite,1,0,"",""
ball,1,23.3,Pakistan,Ayesha Zafar,Javeria Khan,AE Satterthwaite,0,0,"",""
ball,1,23.4,Pakistan,Ayesha Zafar,Javeria Khan,AE Satterthwaite,0,0,"",""
ball,1,23.5,Pakistan,Ayesha Zafar,Javeria Khan,AE Satterthwaite,1,0,"",""
ball,1,23.6,Pakistan,Javeria Khan,Ayesha Zafar,AE Satterthwaite,0,0,"",""
ball,1,24.1,Pakistan,Ayesha Zafar,Javeria Khan,LMM Tahuhu,4,0,"",""
ball,1,24.2,Pakistan,Ayesha Zafar,Javeria Khan,LMM Tahuhu,0,0,"",""
ball,1,24.3,Pakistan,Ayesha Zafar,Javeria Khan,LMM Tahuhu,1,0,"",""
ball,1,24.4,Pakistan,Javeria Khan,Ayesha Zafar,LMM Tahuhu,0,0,"",""
ball,1,24.5,Pakistan,Javeria Khan,Ayesha Zafar,LMM Tahuhu,0,0,"",""
ball,1,24.6,Pakistan,Javeria Khan,Ayesha Zafar,LMM Tahuhu,0,0,"",""
ball,1,25.1,Pakistan,Ayesha Zafar,Javeria Khan,AE Satterthwaite,1,0,"",""
ball,1,25.2,Pakistan,Javeria Khan,Ayesha Zafar,AE Satterthwaite,0,0,"",""
ball,1,25.3,Pakistan,Javeria Khan,Ayesha Zafar,AE Satterthwaite,0,0,"",""
ball,1,25.4,Pakistan,Javeria Khan,Ayesha Zafar,AE Satterthwaite,1,0,"",""
ball,1,25.5,Pakistan,Ayesha Zafar,Javeria Khan,AE Satterthwaite,1,0,"",""
ball,1,25.6,Pakistan,Javeria Khan,Ayesha Zafar,AE Satterthwaite,0,0,"",""
ball,1,26.1,Pakistan,Ayesha Zafar,Javeria Khan,LMM Tahuhu,1,0,"",""
ball,1,26.2,Pakistan,Javeria Khan,Ayesha Zafar,LMM Tahuhu,0,0,"",""
ball,1,26.3,Pakistan,Javeria Khan,Ayesha Zafar,LMM Tahuhu,0,0,"",""
ball,1,26.4,Pakistan,Javeria Khan,Ayesha Zafar,LMM Tahuhu,4,0,"",""
ball,1,26.5,Pakistan,Javeria Khan,Ayesha Zafar,LMM Tahuhu,0,0,"",""
ball,1,26.6,Pakistan,Javeria Khan,Ayesha Zafar,LMM Tahuhu,1,0,"",""
ball,1,27.1,Pakistan,Javeria Khan,Ayesha Zafar,AE Satterthwaite,0,0,"",""
ball,1,27.2,Pakistan,Javeria Khan,Ayesha Zafar,AE Satterthwaite,1,0,"",""
ball,1,27.3,Pakistan,Ayesha Zafar,Javeria Khan,AE Satterthwaite,0,0,"",""
ball,1,27.4,Pakistan,Ayesha Zafar,Javeria Khan,AE Satterthwaite,0,0,"",""
ball,1,27.5,Pakistan,Ayesha Zafar,Javeria Khan,AE Satterthwaite,0,0,caught and bowled,Ayesha Zafar
ball,1,27.6,Pakistan,Bismah Maroof,Javeria Khan,AE Satterthwaite,0,0,caught,Bismah Maroof
ball,1,28.1,Pakistan,Javeria Khan,Iram Javed,LMM Tahuhu,0,1,"",""
ball,1,28.2,Pakistan,Iram Javed,Javeria Khan,LMM Tahuhu,0,0,"",""
ball,1,28.3,Pakistan,Iram Javed,Javeria Khan,LMM Tahuhu,1,0,"",""
ball,1,28.4,Pakistan,Javeria Khan,Iram Javed,LMM Tahuhu,1,0,"",""
ball,1,28.5,Pakistan,Iram Javed,Javeria Khan,LMM Tahuhu,0,0,"",""
ball,1,28.6,Pakistan,Iram Javed,Javeria Khan,LMM Tahuhu,0,0,"",""
ball,1,29.1,Pakistan,Javeria Khan,Iram Javed,AE Satterthwaite,1,0,"",""
ball,1,29.2,Pakistan,Iram Javed,Javeria Khan,AE Satterthwaite,0,0,"",""
ball,1,29.3,Pakistan,Iram Javed,Javeria Khan,AE Satterthwaite,0,0,"",""
ball,1,29.4,Pakistan,Iram Javed,Javeria Khan,AE Satterthwaite,2,0,"",""
ball,1,29.5,Pakistan,Iram Javed,Javeria Khan,AE Satterthwaite,4,0,"",""
ball,1,29.6,Pakistan,Iram Javed,Javeria Khan,AE Satterthwaite,0,0,"",""
ball,1,30.1,Pakistan,Javeria Khan,Iram Javed,LMM Tahuhu,0,0,bowled,Javeria Khan
ball,1,30.2,Pakistan,Sana Mir,Iram Javed,LMM Tahuhu,0,0,"",""
ball,1,30.3,Pakistan,Sana Mir,Iram Javed,LMM Tahuhu,1,0,"",""
ball,1,30.4,Pakistan,Iram Javed,Sana Mir,LMM Tahuhu,0,0,caught,Iram Javed
ball,1,30.5,Pakistan,Sidra Nawaz,Sana Mir,LMM Tahuhu,0,0,"",""
ball,1,30.6,Pakistan,Sidra Nawaz,Sana Mir,LMM Tahuhu,0,0,"",""
ball,1,31.1,Pakistan,Sana Mir,Sidra Nawaz,AE Satterthwaite,0,0,"",""
ball,1,31.2,Pakistan,Sana Mir,Sidra Nawaz,AE Satterthwaite,0,0,"",""
ball,1,31.3,Pakistan,Sana Mir,Sidra Nawaz,AE Satterthwaite,0,0,"",""
ball,1,31.4,Pakistan,Sana Mir,Sidra Nawaz,AE Satterthwaite,0,0,"",""
ball,1,31.5,Pakistan,Sana Mir,Sidra Nawaz,AE Satterthwaite,0,0,"",""
ball,1,31.6,Pakistan,Sana Mir,Sidra Nawaz,AE Satterthwaite,0,0,"",""
ball,1,32.1,Pakistan,Sidra Nawaz,Sana Mir,LMM Tahuhu,0,0,"",""
ball,1,32.2,Pakistan,Sidra Nawaz,Sana Mir,LMM Tahuhu,0,0,"",""
ball,1,32.3,Pakistan,Sidra Nawaz,Sana Mir,LMM Tahuhu,0,0,"",""
ball,1,32.4,Pakistan,Sidra Nawaz,Sana Mir,LMM Tahuhu,0,0,"",""
ball,1,32.5,Pakistan,Sidra Nawaz,Sana Mir,LMM Tahuhu,0,0,"",""
ball,1,32.6,Pakistan,Sidra Nawaz,Sana Mir,LMM Tahuhu,0,0,"",""
ball,1,33.1,Pakistan,Sana Mir,Sidra Nawaz,AE Satterthwaite,1,0,"",""
ball,1,33.2,Pakistan,Sidra Nawaz,Sana Mir,AE Satterthwaite,0,0,"",""
ball,1,33.3,Pakistan,Sidra Nawaz,Sana Mir,AE Satterthwaite,0,0,"",""
ball,1,33.4,Pakistan,Sidra Nawaz,Sana Mir,AE Satterthwaite,1,0,"",""
ball,1,33.5,Pakistan,Sana Mir,Sidra Nawaz,AE Satterthwaite,0,0,"",""
ball,1,33.6,Pakistan,Sana Mir,Sidra Nawaz,AE Satterthwaite,2,0,"",""
ball,1,34.1,Pakistan,Sidra Nawaz,Sana Mir,HR Huddleston,0,0,"",""
ball,1,34.2,Pakistan,Sidra Nawaz,Sana Mir,HR Huddleston,1,0,"",""
ball,1,34.3,Pakistan,Sana Mir,Sidra Nawaz,HR Huddleston,1,0,"",""
ball,1,34.4,Pakistan,Sidra Nawaz,Sana Mir,HR Huddleston,0,0,caught,Sidra Nawaz
ball,1,34.5,Pakistan,Asmavia Iqbal,Sana Mir,HR Huddleston,0,0,"",""
ball,1,34.6,Pakistan,Asmavia Iqbal,Sana Mir,HR Huddleston,0,0,"",""
ball,1,35.1,Pakistan,Sana Mir,Asmavia Iqbal,SW Bates,0,0,"",""
ball,1,35.2,Pakistan,Sana Mir,Asmavia Iqbal,SW Bates,0,0,"",""
ball,1,35.3,Pakistan,Sana Mir,Asmavia Iqbal,SW Bates,0,0,"",""
ball,1,35.4,Pakistan,Sana Mir,Asmavia Iqbal,SW Bates,4,0,"",""
ball,1,35.5,Pakistan,Sana Mir,Asmavia Iqbal,SW Bates,0,0,"",""
ball,1,35.6,Pakistan,Sana Mir,Asmavia Iqbal,SW Bates,0,0,"",""
ball,1,36.1,Pakistan,Asmavia Iqbal,Sana Mir,HR Huddleston,0,0,"",""
ball,1,36.2,Pakistan,Asmavia Iqbal,Sana Mir,HR Huddleston,0,0,"",""
ball,1,36.3,Pakistan,Asmavia Iqbal,Sana Mir,HR Huddleston,0,0,"",""
ball,1,36.4,Pakistan,Asmavia Iqbal,Sana Mir,HR Huddleston,0,0,caught,Asmavia Iqbal
ball,1,36.5,Pakistan,Diana Baig,Sana Mir,HR Huddleston,0,0,"",""
ball,1,36.6,Pakistan,Diana Baig,Sana Mir,HR Huddleston,0,1,"",""
ball,1,36.7,Pakistan,Diana Baig,Sana Mir,HR Huddleston,0,0,"",""
ball,1,37.1,Pakistan,Sana Mir,Diana Baig,SW Bates,2,0,"",""
ball,1,37.2,Pakistan,Sana Mir,Diana Baig,SW Bates,1,0,"",""
ball,1,37.3,Pakistan,Diana Baig,Sana Mir,SW Bates,0,0,"",""
ball,1,37.4,Pakistan,Diana Baig,Sana Mir,SW Bates,0,0,lbw,Diana Baig
ball,1,37.5,Pakistan,Sadia Yousuf,Sana Mir,SW Bates,0,0,"",""
ball,1,37.6,Pakistan,Sadia Yousuf,Sana Mir,SW Bates,0,0,"",""
ball,1,38.1,Pakistan,Sana Mir,Sadia Yousuf,AC Kerr,0,0,"",""
ball,1,38.2,Pakistan,Sana Mir,Sadia Yousuf,AC Kerr,0,0,"",""
ball,1,38.3,Pakistan,Sana Mir,Sadia Yousuf,AC Kerr,0,0,"",""
ball,1,38.4,Pakistan,Sana Mir,Sadia Yousuf,AC Kerr,0,0,"",""
ball,1,38.5,Pakistan,Sana Mir,Sadia Yousuf,AC Kerr,0,0,"",""
ball,1,38.6,Pakistan,Sana Mir,Sadia Yousuf,AC Kerr,1,0,"",""
ball,1,39.1,Pakistan,Sana Mir,Sadia Yousuf,SW Bates,0,0,"",""
ball,1,39.2,Pakistan,Sana Mir,Sadia Yousuf,SW Bates,0,0,"",""
ball,1,39.3,Pakistan,Sana Mir,Sadia Yousuf,SW Bates,0,0,"",""
ball,1,39.4,Pakistan,Sana Mir,Sadia Yousuf,SW Bates,0,0,"",""
ball,1,39.5,Pakistan,Sana Mir,Sadia Yousuf,SW Bates,0,0,"",""
ball,1,39.6,Pakistan,Sana Mir,Sadia Yousuf,SW Bates,4,0,"",""
ball,1,40.1,Pakistan,Sadia Yousuf,Sana Mir,AC Kerr,0,0,"",""
ball,1,40.2,Pakistan,Sadia Yousuf,Sana Mir,AC Kerr,0,0,"",""
ball,1,40.3,Pakistan,Sadia Yousuf,Sana Mir,AC Kerr,0,0,"",""
ball,1,40.4,Pakistan,Sadia Yousuf,Sana Mir,AC Kerr,0,0,"",""
ball,1,40.5,Pakistan,Sadia Yousuf,Sana Mir,AC Kerr,0,0,"",""
ball,1,40.6,Pakistan,Sadia Yousuf,Sana Mir,AC Kerr,0,0,"",""
ball,1,41.1,Pakistan,Sana Mir,Sadia Yousuf,AE Satterthwaite,0,0,"",""
ball,1,41.2,Pakistan,Sana Mir,Sadia Yousuf,AE Satterthwaite,0,0,"",""
ball,1,41.3,Pakistan,Sana Mir,Sadia Yousuf,AE Satterthwaite,1,0,"",""
ball,1,41.4,Pakistan,Sadia Yousuf,Sana Mir,AE Satterthwaite,0,0,"",""
ball,1,41.5,Pakistan,Sadia Yousuf,Sana Mir,AE Satterthwaite,0,0,"",""
ball,1,41.6,Pakistan,Sadia Yousuf,Sana Mir,AE Satterthwaite,0,0,"",""
ball,1,42.1,Pakistan,Sana Mir,Sadia Yousuf,AC Kerr,0,0,"",""
ball,1,42.2,Pakistan,Sana Mir,Sadia Yousuf,AC Kerr,0,0,"",""
ball,1,42.3,Pakistan,Sana Mir,Sadia Yousuf,AC Kerr,0,0,"",""
ball,1,42.4,Pakistan,Sana Mir,Sadia Yousuf,AC Kerr,0,0,"",""
ball,1,42.5,Pakistan,Sana Mir,Sadia Yousuf,AC Kerr,0,0,"",""
ball,1,42.6,Pakistan,Sana Mir,Sadia Yousuf,AC Kerr,1,0,"",""
ball,1,43.1,Pakistan,Sana Mir,Sadia Yousuf,AE Satterthwaite,1,0,"",""
ball,1,43.2,Pakistan,Sadia Yousuf,Sana Mir,AE Satterthwaite,0,0,"",""
ball,1,43.3,Pakistan,Sadia Yousuf,Sana Mir,AE Satterthwaite,0,0,"",""
ball,1,43.4,Pakistan,Sadia Yousuf,Sana Mir,AE Satterthwaite,4,0,"",""
ball,1,43.5,Pakistan,Sadia Yousuf,Sana Mir,AE Satterthwaite,0,0,"",""
ball,1,43.6,Pakistan,Sadia Yousuf,Sana Mir,AE Satterthwaite,0,0,"",""
ball,1,44.1,Pakistan,Sana Mir,Sadia Yousuf,LMM Tahuhu,0,0,"",""
ball,1,44.2,Pakistan,Sana Mir,Sadia Yousuf,LMM Tahuhu,0,0,"",""
ball,1,44.3,Pakistan,Sana Mir,Sadia Yousuf,LMM Tahuhu,4,0,"",""
ball,1,44.4,Pakistan,Sana Mir,Sadia Yousuf,LMM Tahuhu,1,0,"",""
ball,1,44.5,Pakistan,Sadia Yousuf,Sana Mir,LMM Tahuhu,0,0,"",""
ball,1,44.6,Pakistan,Sadia Yousuf,Sana Mir,LMM Tahuhu,0,0,"",""
ball,1,45.1,Pakistan,Sana Mir,Sadia Yousuf,AC Kerr,0,0,"",""
ball,1,45.2,Pakistan,Sana Mir,Sadia Yousuf,AC Kerr,1,0,"",""
ball,1,45.3,Pakistan,Sadia Yousuf,Sana Mir,AC Kerr,0,0,"",""
ball,1,45.4,Pakistan,Sadia Yousuf,Sana Mir,AC Kerr,0,1,"",""
ball,1,45.5,Pakistan,Sadia Yousuf,Sana Mir,AC Kerr,1,0,"",""
ball,1,45.6,Pakistan,Sana Mir,Sadia Yousuf,AC Kerr,1,0,"",""
ball,1,45.7,Pakistan,Sadia Yousuf,Sana Mir,AC Kerr,0,0,"",""
ball,1,46.1,Pakistan,Sana Mir,Sadia Yousuf,HR Huddleston,0,0,"",""
ball,1,46.2,Pakistan,Sana Mir,Sadia Yousuf,HR Huddleston,0,0,"",""
ball,1,46.3,Pakistan,Sana Mir,Sadia Yousuf,HR Huddleston,0,0,"",""
ball,1,46.4,Pakistan,Sana Mir,Sadia Yousuf,HR Huddleston,0,0,"",""
ball,1,46.5,Pakistan,Sana Mir,Sadia Yousuf,HR Huddleston,1,0,"",""
ball,1,46.6,Pakistan,Sadia Yousuf,Sana Mir,HR Huddleston,0,0,"",""
ball,1,47.1,Pakistan,Sana Mir,Sadia Yousuf,AC Kerr,1,0,"",""
ball,1,47.2,Pakistan,Sadia Yousuf,Sana Mir,AC Kerr,0,0,"",""
ball,1,47.3,Pakistan,Sadia Yousuf,Sana Mir,AC Kerr,1,0,"",""
ball,1,47.4,Pakistan,Sana Mir,Sadia Yousuf,AC Kerr,1,0,"",""
ball,1,47.5,Pakistan,Sadia Yousuf,Sana Mir,AC Kerr,0,0,caught,Sadia Yousuf
ball,1,47.6,Pakistan,Sana Mir,Anam Amin,AC Kerr,1,0,"",""
ball,1,48.1,Pakistan,Sana Mir,Anam Amin,HR Huddleston,0,0,caught,Sana Mir
ball,2,0.1,New Zealand,SW Bates,RH Priest,Asmavia Iqbal,0,0,"",""
ball,2,0.2,New Zealand,SW Bates,RH Priest,Asmavia Iqbal,0,0,"",""
ball,2,0.3,New Zealand,SW Bates,RH Priest,Asmavia Iqbal,0,0,"",""
ball,2,0.4,New Zealand,SW Bates,RH Priest,Asmavia Iqbal,0,0,"",""
ball,2,0.5,New Zealand,SW Bates,RH Priest,Asmavia Iqbal,1,0,"",""
ball,2,0.6,New Zealand,RH Priest,SW Bates,Asmavia Iqbal,0,0,"",""
ball,2,1.1,New Zealand,SW Bates,RH Priest,Sadia Yousuf,4,0,"",""
ball,2,1.2,New Zealand,SW Bates,RH Priest,Sadia Yousuf,4,0,"",""
ball,2,1.3,New Zealand,SW Bates,RH Priest,Sadia Yousuf,4,0,"",""
ball,2,1.4,New Zealand,SW Bates,RH Priest,Sadia Yousuf,4,0,"",""
ball,2,1.5,New Zealand,SW Bates,RH Priest,Sadia Yousuf,4,0,"",""
ball,2,1.6,New Zealand,SW Bates,RH Priest,Sadia Yousuf,0,0,"",""
ball,2,2.1,New Zealand,RH Priest,SW Bates,Asmavia Iqbal,4,0,"",""
ball,2,2.2,New Zealand,RH Priest,SW Bates,Asmavia Iqbal,0,0,"",""
ball,2,2.3,New Zealand,RH Priest,SW Bates,Asmavia Iqbal,0,0,"",""
ball,2,2.4,New Zealand,RH Priest,SW Bates,Asmavia Iqbal,4,0,"",""
ball,2,2.5,New Zealand,RH Priest,SW Bates,Asmavia Iqbal,4,0,"",""
ball,2,2.6,New Zealand,RH Priest,SW Bates,Asmavia Iqbal,0,0,"",""
ball,2,3.1,New Zealand,SW Bates,RH Priest,Sana Mir,4,0,"",""
ball,2,3.2,New Zealand,SW Bates,RH Priest,Sana Mir,1,0,"",""
ball,2,3.3,New Zealand,RH Priest,SW Bates,Sana Mir,0,0,"",""
ball,2,3.4,New Zealand,RH Priest,SW Bates,Sana Mir,0,0,caught,RH Priest
ball,2,3.5,New Zealand,SW Bates,SFM Devine,Sana Mir,0,0,"",""
ball,2,3.6,New Zealand,SW Bates,SFM Devine,Sana Mir,1,0,"",""
ball,2,4.1,New Zealand,SW Bates,SFM Devine,Asmavia Iqbal,1,0,"",""
ball,2,4.2,New Zealand,SFM Devine,SW Bates,Asmavia Iqbal,0,0,"",""
ball,2,4.3,New Zealand,SFM Devine,SW Bates,Asmavia Iqbal,0,0,"",""
ball,2,4.4,New Zealand,SFM Devine,SW Bates,Asmavia Iqbal,0,0,"",""
ball,2,4.5,New Zealand,SFM Devine,SW Bates,Asmavia Iqbal,0,0,"",""
ball,2,4.6,New Zealand,SFM Devine,SW Bates,Asmavia Iqbal,1,0,"",""
ball,2,5.1,New Zealand,SFM Devine,SW Bates,Sana Mir,0,0,"",""
ball,2,5.2,New Zealand,SFM Devine,SW Bates,Sana Mir,1,0,"",""
ball,2,5.3,New Zealand,SW Bates,SFM Devine,Sana Mir,0,0,"",""
ball,2,5.4,New Zealand,SW Bates,SFM Devine,Sana Mir,0,0,"",""
ball,2,5.5,New Zealand,SW Bates,SFM Devine,Sana Mir,0,0,"",""
ball,2,5.6,New Zealand,SW Bates,SFM Devine,Sana Mir,0,0,"",""
ball,2,6.1,New Zealand,SFM Devine,SW Bates,Asmavia Iqbal,0,0,"",""
ball,2,6.2,New Zealand,SFM Devine,SW Bates,Asmavia Iqbal,0,0,"",""
ball,2,6.3,New Zealand,SFM Devine,SW Bates,Asmavia Iqbal,0,0,"",""
ball,2,6.4,New Zealand,SFM Devine,SW Bates,Asmavia Iqbal,4,0,"",""
ball,2,6.5,New Zealand,SFM Devine,SW Bates,Asmavia Iqbal,4,0,"",""
ball,2,6.6,New Zealand,SFM Devine,SW Bates,Asmavia Iqbal,4,0,"",""
ball,2,7.1,New Zealand,SW Bates,SFM Devine,Sana Mir,0,0,"",""
ball,2,7.2,New Zealand,SW Bates,SFM Devine,Sana Mir,0,0,"",""
ball,2,7.3,New Zealand,SW Bates,SFM Devine,Sana Mir,0,0,"",""
ball,2,7.4,New Zealand,SW Bates,SFM Devine,Sana Mir,4,0,"",""
ball,2,7.5,New Zealand,SW Bates,SFM Devine,Sana Mir,0,0,"",""
ball,2,7.6,New Zealand,SW Bates,SFM Devine,Sana Mir,0,1,"",""
ball,2,8.1,New Zealand,SW Bates,SFM Devine,Diana Baig,1,0,"",""
ball,2,8.2,New Zealand,SFM Devine,SW Bates,Diana Baig,0,4,"",""
ball,2,8.3,New Zealand,SFM Devine,SW Bates,Diana Baig,1,0,"",""
ball,2,8.4,New Zealand,SW Bates,SFM Devine,Diana Baig,0,0,"",""
ball,2,8.5,New Zealand,SW Bates,SFM Devine,Diana Baig,1,0,"",""
ball,2,8.6,New Zealand,SFM Devine,SW Bates,Diana Baig,1,0,"",""
ball,2,9.1,New Zealand,SFM Devine,SW Bates,Sana Mir,0,1,"",""
ball,2,9.2,New Zealand,SW Bates,SFM Devine,Sana Mir,1,0,"",""
ball,2,9.3,New Zealand,SFM Devine,SW Bates,Sana Mir,0,0,"",""
ball,2,9.4,New Zealand,SFM Devine,SW Bates,Sana Mir,0,0,"",""
ball,2,9.5,New Zealand,SFM Devine,SW Bates,Sana Mir,1,0,"",""
ball,2,9.6,New Zealand,SW Bates,SFM Devine,Sana Mir,1,0,"",""
ball,2,10.1,New Zealand,SW Bates,SFM Devine,Diana Baig,0,0,"",""
ball,2,10.2,New Zealand,SW Bates,SFM Devine,Diana Baig,1,0,"",""
ball,2,10.3,New Zealand,SFM Devine,SW Bates,Diana Baig,0,0,"",""
ball,2,10.4,New Zealand,SFM Devine,SW Bates,Diana Baig,1,0,"",""
ball,2,10.5,New Zealand,SW Bates,SFM Devine,Diana Baig,0,0,"",""
ball,2,10.6,New Zealand,SW Bates,SFM Devine,Diana Baig,1,0,"",""
ball,2,11.1,New Zealand,SW Bates,SFM Devine,Anam Amin,0,0,"",""
ball,2,11.2,New Zealand,SW Bates,SFM Devine,Anam Amin,1,0,"",""
ball,2,11.3,New Zealand,SFM Devine,SW Bates,Anam Amin,0,0,"",""
ball,2,11.4,New Zealand,SFM Devine,SW Bates,Anam Amin,4,0,"",""
ball,2,11.5,New Zealand,SFM Devine,SW Bates,Anam Amin,0,0,"",""
ball,2,11.6,New Zealand,SFM Devine,SW Bates,Anam Amin,0,0,"",""
ball,2,12.1,New Zealand,SW Bates,SFM Devine,Diana Baig,4,0,"",""
ball,2,12.2,New Zealand,SW Bates,SFM Devine,Diana Baig,4,0,"",""
ball,2,12.3,New Zealand,SW Bates,SFM Devine,Diana Baig,4,0,"",""
ball,2,12.4,New Zealand,SW Bates,SFM Devine,Diana Baig,1,0,"",""
ball,2,12.5,New Zealand,SFM Devine,SW Bates,Diana Baig,1,0,"",""
ball,2,12.6,New Zealand,SW Bates,SFM Devine,Diana Baig,0,0,"",""
ball,2,13.1,New Zealand,SFM Devine,SW Bates,Anam Amin,1,0,"",""
ball,2,13.2,New Zealand,SW Bates,SFM Devine,Anam Amin,1,0,"",""
ball,2,13.3,New Zealand,SFM Devine,SW Bates,Anam Amin,0,0,"",""
ball,2,13.4,New Zealand,SFM Devine,SW Bates,Anam Amin,4,0,"",""
ball,2,13.5,New Zealand,SFM Devine,SW Bates,Anam Amin,1,0,"",""
ball,2,13.6,New Zealand,SW Bates,SFM Devine,Anam Amin,1,0,"",""
ball,2,14.1,New Zealand,SW Bates,SFM Devine,Sadia Yousuf,2,0,"",""
ball,2,14.2,New Zealand,SW Bates,SFM Devine,Sadia Yousuf,1,0,"",""
ball,2,14.3,New Zealand,SFM Devine,SW Bates,Sadia Yousuf,2,0,"",""
ball,2,14.4,New Zealand,SFM Devine,SW Bates,Sadia Yousuf,0,0,"",""
ball,2,14.5,New Zealand,SFM Devine,SW Bates,Sadia Yousuf,0,0,"",""
ball,2,14.6,New Zealand,SFM Devine,SW Bates,Sadia Yousuf,1,0,"",""
ball,2,15.1,New Zealand,SFM Devine,SW Bates,Anam Amin,1,0,"",""
ball,2,15.2,New Zealand,SW Bates,SFM Devine,Anam Amin,3,0,"",""
ball,2,15.3,New Zealand,SFM Devine,SW Bates,Anam Amin,0,0,"",""
ball,2,15.4,New Zealand,SFM Devine,SW Bates,Anam Amin,6,0,"",""
ball,2,15.5,New Zealand,SFM Devine,SW Bates,Anam Amin,1,0,"",""
ball,2,15.6,New Zealand,SW Bates,SFM Devine,Anam Amin,0,0,"",""
ball,2,16.1,New Zealand,SFM Devine,SW Bates,Sadia Yousuf,1,0,"",""
ball,2,16.2,New Zealand,SW Bates,SFM Devine,Sadia Yousuf,4,0,"",""
ball,2,16.3,New Zealand,SW Bates,SFM Devine,Sadia Yousuf,1,0,"",""
ball,2,16.4,New Zealand,SFM Devine,SW Bates,Sadia Yousuf,1,0,"",""
ball,2,16.5,New Zealand,SW Bates,SFM Devine,Sadia Yousuf,1,0,"",""
ball,2,16.6,New Zealand,SFM Devine,SW Bates,Sadia Yousuf,1,0,"",""
ball,2,17.1,New Zealand,SFM Devine,SW Bates,Iram Javed,4,0,"",""
ball,2,17.2,New Zealand,SFM Devine,SW Bates,Iram Javed,0,0,"",""
ball,2,17.3,New Zealand,SFM Devine,SW Bates,Iram Javed,1,0,"",""
ball,2,17.4,New Zealand,SW Bates,SFM Devine,Iram Javed,0,0,caught,SW Bates
ball,2,17.5,New Zealand,SFM Devine,EC Perry,Iram Javed,0,1,"",""
ball,2,17.6,New Zealand,SFM Devine,EC Perry,Iram Javed,0,0,"",""
ball,2,17.7,New Zealand,SFM Devine,EC Perry,Iram Javed,0,2,"",""
ball,2,17.8,New Zealand,EC Perry,SFM Devine,Iram Javed,0,0,"",""
ball,2,18.1,New Zealand,SFM Devine,EC Perry,Sana Mir,0,0,"",""
ball,2,18.2,New Zealand,SFM Devine,EC Perry,Sana Mir,1,0,"",""
ball,2,18.3,New Zealand,EC Perry,SFM Devine,Sana Mir,0,0,"",""
ball,2,18.4,New Zealand,EC Perry,SFM Devine,Sana Mir,0,0,"",""
ball,2,18.5,New Zealand,EC Perry,SFM Devine,Sana Mir,1,0,"",""
ball,2,18.6,New Zealand,SFM Devine,EC Perry,Sana Mir,1,0,"",""
ball,2,19.1,New Zealand,SFM Devine,EC Perry,Iram Javed,1,0,"",""
ball,2,19.2,New Zealand,EC Perry,SFM Devine,Iram Javed,0,0,"",""
ball,2,19.3,New Zealand,EC Perry,SFM Devine,Iram Javed,0,0,"",""
ball,2,19.4,New Zealand,EC Perry,SFM Devine,Iram Javed,1,0,"",""
ball,2,19.5,New Zealand,SFM Devine,EC Perry,Iram Javed,2,0,"",""
ball,2,19.6,New Zealand,SFM Devine,EC Perry,Iram Javed,1,0,"",""
ball,2,20.1,New Zealand,SFM Devine,EC Perry,Javeria Khan,0,0,caught,SFM Devine
ball,2,20.2,New Zealand,EC Perry,SRH Curtis,Javeria Khan,0,0,"",""
ball,2,20.3,New Zealand,EC Perry,SRH Curtis,Javeria Khan,4,0,"",""
ball,2,20.4,New Zealand,EC Perry,SRH Curtis,Javeria Khan,4,0,"",""
ball,2,20.5,New Zealand,EC Perry,SRH Curtis,Javeria Khan,1,0,"",""
ball,2,20.6,New Zealand,SRH Curtis,EC Perry,Javeria Khan,2,0,"",""
ball,2,21.1,New Zealand,EC Perry,SRH Curtis,Iram Javed,0,0,"",""
ball,2,21.2,New Zealand,EC Perry,SRH Curtis,Iram Javed,1,0,"",""
ball,2,21.3,New Zealand,SRH Curtis,EC Perry,Iram Javed,0,0,"",""
ball,2,21.4,New Zealand,SRH Curtis,EC Perry,Iram Javed,0,1,"",""
ball,2,21.5,New Zealand,SRH Curtis,EC Perry,Iram Javed,0,0,"",""
ball,2,21.6,New Zealand,SRH Curtis,EC Perry,Iram Javed,1,0,"",""
ball,2,21.7,New Zealand,EC Perry,SRH Curtis,Iram Javed,0,0,"",""
ball,2,22.1,New Zealand,SRH Curtis,EC Perry,Javeria Khan,0,0,"",""
ball,2,22.2,New Zealand,SRH Curtis,EC Perry,Javeria Khan,1,0,"",""
ball,2,22.3,New Zealand,EC Perry,SRH Curtis,Javeria Khan,4,0,"",""
