version,1.3.0
info,team,Sri Lanka
info,team,Pakistan
info,gender,female
info,season,2016/17
info,date,2017/02/15
info,competition,ICC Women's World Cup Qualifier
info,match_number,22
info,venue,Nondescripts Cricket Club Ground
info,city,Colombo
info,toss_winner,Sri Lanka
info,toss_decision,field
info,player_of_match,LE Kaushalya
info,umpire,AK Chaudhary
info,umpire,S Redfern
info,reserve_umpire,M Hawthorne
info,winner,Sri Lanka
info,winner_wickets,5
ball,1,0.1,Pakistan,Ayesha Zafar,Nahida Khan,KDU Prabodhani,0,0,"",""
ball,1,0.2,Pakistan,Ayesha Zafar,Nahida Khan,KDU Prabodhani,0,1,"",""
ball,1,0.3,Pakistan,Nahida Khan,Ayesha Zafar,KDU Prabodhani,0,1,"",""
ball,1,0.4,Pakistan,Ayesha Zafar,Nahida Khan,KDU Prabodhani,0,0,"",""
ball,1,0.5,Pakistan,Ayesha Zafar,Nahida Khan,KDU Prabodhani,1,0,"",""
ball,1,0.6,Pakistan,Nahida Khan,Ayesha Zafar,KDU Prabodhani,0,0,"",""
ball,1,1.1,Pakistan,Ayesha Zafar,Nahida Khan,SS Weerakkody,0,0,"",""
ball,1,1.2,Pakistan,Ayesha Zafar,Nahida Khan,SS Weerakkody,0,0,"",""
ball,1,1.3,Pakistan,Ayesha Zafar,Nahida Khan,SS Weerakkody,0,0,bowled,Ayesha Zafar
ball,1,1.4,Pakistan,Javeria Khan,Nahida Khan,SS Weerakkody,0,0,"",""
ball,1,1.5,Pakistan,Javeria Khan,Nahida Khan,SS Weerakkody,0,0,"",""
ball,1,1.6,Pakistan,Javeria Khan,Nahida Khan,SS Weerakkody,0,0,"",""
ball,1,2.1,Pakistan,Nahida Khan,Javeria Khan,KDU Prabodhani,0,0,"",""
ball,1,2.2,Pakistan,Nahida Khan,Javeria Khan,KDU Prabodhani,0,0,"",""
ball,1,2.3,Pakistan,Nahida Khan,Javeria Khan,KDU Prabodhani,4,0,"",""
ball,1,2.4,Pakistan,Nahida Khan,Javeria Khan,KDU Prabodhani,0,0,"",""
ball,1,2.5,Pakistan,Nahida Khan,Javeria Khan,KDU Prabodhani,0,0,"",""
ball,1,2.6,Pakistan,Nahida Khan,Javeria Khan,KDU Prabodhani,0,0,"",""
ball,1,3.1,Pakistan,Javeria Khan,Nahida Khan,SS Weerakkody,1,0,"",""
ball,1,3.2,Pakistan,Nahida Khan,Javeria Khan,SS Weerakkody,0,0,"",""
ball,1,3.3,Pakistan,Nahida Khan,Javeria Khan,SS Weerakkody,1,0,"",""
ball,1,3.4,Pakistan,Javeria Khan,Nahida Khan,SS Weerakkody,0,0,"",""
ball,1,3.5,Pakistan,Javeria Khan,Nahida Khan,SS Weerakkody,1,0,"",""
ball,1,3.6,Pakistan,Nahida Khan,Javeria Khan,SS Weerakkody,4,0,"",""
ball,1,4.1,Pakistan,Javeria Khan,Nahida Khan,KDU Prabodhani,0,0,"",""
ball,1,4.2,Pakistan,Javeria Khan,Nahida Khan,KDU Prabodhani,0,1,"",""
ball,1,4.3,Pakistan,Javeria Khan,Nahida Khan,KDU Prabodhani,0,0,"",""
ball,1,4.4,Pakistan,Javeria Khan,Nahida Khan,KDU Prabodhani,0,0,"",""
ball,1,4.5,Pakistan,Javeria Khan,Nahida Khan,KDU Prabodhani,0,0,"",""
ball,1,4.6,Pakistan,Javeria Khan,Nahida Khan,KDU Prabodhani,1,0,"",""
ball,1,4.7,Pakistan,Nahida Khan,Javeria Khan,KDU Prabodhani,0,0,"",""
ball,1,5.1,Pakistan,Javeria Khan,Nahida Khan,SS Weerakkody,0,1,"",""
ball,1,5.2,Pakistan,Javeria Khan,Nahida Khan,SS Weerakkody,0,0,"",""
ball,1,5.3,Pakistan,Javeria Khan,Nahida Khan,SS Weerakkody,1,0,"",""
ball,1,5.4,Pakistan,Nahida Khan,Javeria Khan,SS Weerakkody,0,0,"",""
ball,1,5.5,Pakistan,Nahida Khan,Javeria Khan,SS Weerakkody,0,0,"",""
ball,1,5.6,Pakistan,Nahida Khan,Javeria Khan,SS Weerakkody,0,1,"",""
ball,1,5.7,Pakistan,Nahida Khan,Javeria Khan,SS Weerakkody,0,0,"",""
ball,1,5.8,Pakistan,Nahida Khan,Javeria Khan,SS Weerakkody,0,0,"",""
ball,1,6.1,Pakistan,Javeria Khan,Nahida Khan,KDU Prabodhani,0,0,"",""
ball,1,6.2,Pakistan,Javeria Khan,Nahida Khan,KDU Prabodhani,0,0,"",""
ball,1,6.3,Pakistan,Javeria Khan,Nahida Khan,KDU Prabodhani,1,0,"",""
ball,1,6.4,Pakistan,Nahida Khan,Javeria Khan,KDU Prabodhani,0,0,"",""
ball,1,6.5,Pakistan,Nahida Khan,Javeria Khan,KDU Prabodhani,0,0,"",""
ball,1,6.6,Pakistan,Nahida Khan,Javeria Khan,KDU Prabodhani,0,0,"",""
ball,1,7.1,Pakistan,Javeria Khan,Nahida Khan,SS Weerakkody,0,0,"",""
ball,1,7.2,Pakistan,Javeria Khan,Nahida Khan,SS Weerakkody,0,0,"",""
ball,1,7.3,Pakistan,Javeria Khan,Nahida Khan,SS Weerakkody,1,0,"",""
ball,1,7.4,Pakistan,Nahida Khan,Javeria Khan,SS Weerakkody,0,0,"",""
ball,1,7.5,Pakistan,Nahida Khan,Javeria Khan,SS Weerakkody,0,0,"",""
ball,1,7.6,Pakistan,Nahida Khan,Javeria Khan,SS Weerakkody,1,0,"",""
ball,1,8.1,Pakistan,Nahida Khan,Javeria Khan,KDU Prabodhani,0,0,"",""
ball,1,8.2,Pakistan,Nahida Khan,Javeria Khan,KDU Prabodhani,1,0,"",""
ball,1,8.3,Pakistan,Javeria Khan,Nahida Khan,KDU Prabodhani,1,0,"",""
ball,1,8.4,Pakistan,Nahida Khan,Javeria Khan,KDU Prabodhani,0,0,"",""
ball,1,8.5,Pakistan,Nahida Khan,Javeria Khan,KDU Prabodhani,1,0,"",""
ball,1,8.6,Pakistan,Javeria Khan,Nahida Khan,KDU Prabodhani,0,0,"",""
ball,1,9.1,Pakistan,Nahida Khan,Javeria Khan,SS Weerakkody,1,0,"",""
ball,1,9.2,Pakistan,Javeria Khan,Nahida Khan,SS Weerakkody,1,0,"",""
ball,1,9.3,Pakistan,Nahida Khan,Javeria Khan,SS Weerakkody,1,0,"",""
ball,1,9.4,Pakistan,Javeria Khan,Nahida Khan,SS Weerakkody,0,0,"",""
ball,1,9.5,Pakistan,Javeria Khan,Nahida Khan,SS Weerakkody,0,0,"",""
ball,1,9.6,Pakistan,Javeria Khan,Nahida Khan,SS Weerakkody,0,0,"",""
ball,1,10.1,Pakistan,Nahida Khan,Javeria Khan,KDU Prabodhani,1,0,"",""
ball,1,10.2,Pakistan,Javeria Khan,Nahida Khan,KDU Prabodhani,0,1,"",""
ball,1,10.3,Pakistan,Javeria Khan,Nahida Khan,KDU Prabodhani,1,0,"",""
ball,1,10.4,Pakistan,Nahida Khan,Javeria Khan,KDU Prabodhani,0,0,"",""
ball,1,10.5,Pakistan,Nahida Khan,Javeria Khan,KDU Prabodhani,0,0,"",""
ball,1,10.6,Pakistan,Nahida Khan,Javeria Khan,KDU Prabodhani,0,2,"",""
ball,1,10.7,Pakistan,Javeria Khan,Nahida Khan,KDU Prabodhani,0,0,"",""
ball,1,10.8,Pakistan,Javeria Khan,Nahida Khan,KDU Prabodhani,0,0,"",""
ball,1,11.1,Pakistan,Nahida Khan,Javeria Khan,I Ranaweera,1,0,"",""
ball,1,11.2,Pakistan,Javeria Khan,Nahida Khan,I Ranaweera,0,0,"",""
ball,1,11.3,Pakistan,Javeria Khan,Nahida Khan,I Ranaweera,0,0,"",""
ball,1,11.4,Pakistan,Javeria Khan,Nahida Khan,I Ranaweera,4,0,"",""
ball,1,11.5,Pakistan,Javeria Khan,Nahida Khan,I Ranaweera,0,0,"",""
ball,1,11.6,Pakistan,Javeria Khan,Nahida Khan,I Ranaweera,0,0,"",""
ball,1,12.1,Pakistan,Nahida Khan,Javeria Khan,AC Jayangani,0,0,"",""
ball,1,12.2,Pakistan,Nahida Khan,Javeria Khan,AC Jayangani,0,0,"",""
ball,1,12.3,Pakistan,Nahida Khan,Javeria Khan,AC Jayangani,1,0,"",""
ball,1,12.4,Pakistan,Nahida Khan,Javeria Khan,AC Jayangani,0,0,"",""
ball,1,12.5,Pakistan,Nahida Khan,Javeria Khan,AC Jayangani,0,0,"",""
ball,1,12.6,Pakistan,Nahida Khan,Javeria Khan,AC Jayangani,0,0,"",""
ball,1,13.1,Pakistan,Javeria Khan,Nahida Khan,I Ranaweera,1,0,"",""
ball,1,13.2,Pakistan,Nahida Khan,Javeria Khan,I Ranaweera,0,0,"",""
ball,1,13.3,Pakistan,Nahida Khan,Javeria Khan,I Ranaweera,1,0,"",""
ball,1,13.4,Pakistan,Javeria Khan,Nahida Khan,I Ranaweera,1,0,"",""
ball,1,13.5,Pakistan,Nahida Khan,Javeria Khan,I Ranaweera,0,0,"",""
ball,1,13.6,Pakistan,Nahida Khan,Javeria Khan,I Ranaweera,1,0,"",""
ball,1,14.1,Pakistan,Nahida Khan,Javeria Khan,AC Jayangani,0,0,"",""
ball,1,14.2,Pakistan,Nahida Khan,Javeria Khan,AC Jayangani,4,0,"",""
ball,1,14.3,Pakistan,Nahida Khan,Javeria Khan,AC Jayangani,1,0,"",""
ball,1,14.4,Pakistan,Javeria Khan,Nahida Khan,AC Jayangani,0,0,"",""
ball,1,14.5,Pakistan,Javeria Khan,Nahida Khan,AC Jayangani,1,0,"",""
ball,1,14.6,Pakistan,Nahida Khan,Javeria Khan,AC Jayangani,1,0,"",""
ball,1,15.1,Pakistan,Nahida Khan,Javeria Khan,I Ranaweera,0,0,"",""
ball,1,15.2,Pakistan,Nahida Khan,Javeria Khan,I Ranaweera,0,0,"",""
ball,1,15.3,Pakistan,Nahida Khan,Javeria Khan,I Ranaweera,0,0,"",""
ball,1,15.4,Pakistan,Nahida Khan,Javeria Khan,I Ranaweera,2,0,"",""
ball,1,15.5,Pakistan,Nahida Khan,Javeria Khan,I Ranaweera,0,0,"",""
ball,1,15.6,Pakistan,Nahida Khan,Javeria Khan,I Ranaweera,0,0,"",""
ball,1,16.1,Pakistan,Javeria Khan,Nahida Khan,AC Jayangani,1,0,"",""
ball,1,16.2,Pakistan,Nahida Khan,Javeria Khan,AC Jayangani,1,0,"",""
ball,1,16.3,Pakistan,Javeria Khan,Nahida Khan,AC Jayangani,0,0,"",""
ball,1,16.4,Pakistan,Javeria Khan,Nahida Khan,AC Jayangani,1,0,"",""
ball,1,16.5,Pakistan,Nahida Khan,Javeria Khan,AC Jayangani,1,0,"",""
ball,1,16.6,Pakistan,Javeria Khan,Nahida Khan,AC Jayangani,1,0,"",""
ball,1,17.1,Pakistan,Javeria Khan,Nahida Khan,I Ranaweera,1,0,"",""
ball,1,17.2,Pakistan,Nahida Khan,Javeria Khan,I Ranaweera,3,0,"",""
ball,1,17.3,Pakistan,Javeria Khan,Nahida Khan,I Ranaweera,2,0,"",""
ball,1,17.4,Pakistan,Javeria Khan,Nahida Khan,I Ranaweera,1,0,"",""
ball,1,17.5,Pakistan,Nahida Khan,Javeria Khan,I Ranaweera,0,0,"",""
ball,1,17.6,Pakistan,Nahida Khan,Javeria Khan,I Ranaweera,0,0,"",""
ball,1,18.1,Pakistan,Javeria Khan,Nahida Khan,LE Kaushalya,0,0,"",""
ball,1,18.2,Pakistan,Javeria Khan,Nahida Khan,LE Kaushalya,0,0,"",""
ball,1,18.3,Pakistan,Javeria Khan,Nahida Khan,LE Kaushalya,1,0,"",""
ball,1,18.4,Pakistan,Nahida Khan,Javeria Khan,LE Kaushalya,1,0,"",""
ball,1,18.5,Pakistan,Javeria Khan,Nahida Khan,LE Kaushalya,1,0,"",""
ball,1,18.6,Pakistan,Nahida Khan,Javeria Khan,LE Kaushalya,0,0,"",""
ball,1,19.1,Pakistan,Javeria Khan,Nahida Khan,AC Jayangani,0,0,"",""
ball,1,19.2,Pakistan,Javeria Khan,Nahida Khan,AC Jayangani,1,0,"",""
ball,1,19.3,Pakistan,Nahida Khan,Javeria Khan,AC Jayangani,0,0,"",""
ball,1,19.4,Pakistan,Nahida Khan,Javeria Khan,AC Jayangani,1,0,"",""
ball,1,19.5,Pakistan,Javeria Khan,Nahida Khan,AC Jayangani,1,0,"",""
ball,1,19.6,Pakistan,Nahida Khan,Javeria Khan,AC Jayangani,1,0,"",""
ball,1,20.1,Pakistan,Nahida Khan,Javeria Khan,LE Kaushalya,1,0,"",""
ball,1,20.2,Pakistan,Javeria Khan,Nahida Khan,LE Kaushalya,1,0,"",""
ball,1,20.3,Pakistan,Nahida Khan,Javeria Khan,LE Kaushalya,0,0,"",""
ball,1,20.4,Pakistan,Nahida Khan,Javeria Khan,LE Kaushalya,0,0,"",""
ball,1,20.5,Pakistan,Nahida Khan,Javeria Khan,LE Kaushalya,2,0,"",""
ball,1,20.6,Pakistan,Nahida Khan,Javeria Khan,LE Kaushalya,0,2,"",""
ball,1,21.1,Pakistan,Javeria Khan,Nahida Khan,AC Jayangani,0,1,"",""
ball,1,21.2,Pakistan,Nahida Khan,Javeria Khan,AC Jayangani,1,0,"",""
ball,1,21.3,Pakistan,Javeria Khan,Nahida Khan,AC Jayangani,1,0,"",""
ball,1,21.4,Pakistan,Nahida Khan,Javeria Khan,AC Jayangani,2,0,"",""
ball,1,21.5,Pakistan,Nahida Khan,Javeria Khan,AC Jayangani,1,0,"",""
ball,1,21.6,Pakistan,Javeria Khan,Nahida Khan,AC Jayangani,1,0,"",""
ball,1,22.1,Pakistan,Javeria Khan,Nahida Khan,LE Kaushalya,0,0,"",""
ball,1,22.2,Pakistan,Javeria Khan,Nahida Khan,LE Kaushalya,0,0,"",""
ball,1,22.3,Pakistan,Javeria Khan,Nahida Khan,LE Kaushalya,1,0,"",""
ball,1,22.4,Pakistan,Nahida Khan,Javeria Khan,LE Kaushalya,1,0,"",""
ball,1,22.5,Pakistan,Javeria Khan,Nahida Khan,LE Kaushalya,1,0,"",""
ball,1,22.6,Pakistan,Nahida Khan,Javeria Khan,LE Kaushalya,0,0,"",""
ball,1,23.1,Pakistan,Javeria Khan,Nahida Khan,SIP Fernando,0,1,"",""
ball,1,23.2,Pakistan,Javeria Khan,Nahida Khan,SIP Fernando,1,0,"",""
ball,1,23.3,Pakistan,Nahida Khan,Javeria Khan,SIP Fernando,4,0,"",""
ball,1,23.4,Pakistan,Nahida Khan,Javeria Khan,SIP Fernando,1,0,"",""
ball,1,23.5,Pakistan,Javeria Khan,Nahida Khan,SIP Fernando,0,0,"",""
ball,1,23.6,Pakistan,Javeria Khan,Nahida Khan,SIP Fernando,1,0,"",""
ball,1,23.7,Pakistan,Nahida Khan,Javeria Khan,SIP Fernando,1,0,"",""
ball,1,24.1,Pakistan,Nahida Khan,Javeria Khan,LE Kaushalya,0,0,"",""
ball,1,24.2,Pakistan,Nahida Khan,Javeria Khan,LE Kaushalya,1,0,"",""
ball,1,24.3,Pakistan,Javeria Khan,Nahida Khan,LE Kaushalya,0,0,"",""
ball,1,24.4,Pakistan,Javeria Khan,Nahida Khan,LE Kaushalya,1,0,"",""
ball,1,24.5,Pakistan,Nahida Khan,Javeria Khan,LE Kaushalya,0,1,"",""
ball,1,24.6,Pakistan,Nahida Khan,Javeria Khan,LE Kaushalya,0,0,"",""
ball,1,24.7,Pakistan,Nahida Khan,Javeria Khan,LE Kaushalya,0,0,"",""
ball,1,25.1,Pakistan,Javeria Khan,Nahida Khan,SIP Fernando,1,0,"",""
ball,1,25.2,Pakistan,Nahida Khan,Javeria Khan,SIP Fernando,4,0,"",""
ball,1,25.3,Pakistan,Nahida Khan,Javeria Khan,SIP Fernando,1,0,"",""
ball,1,25.4,Pakistan,Javeria Khan,Nahida Khan,SIP Fernando,1,0,"",""
ball,1,25.5,Pakistan,Nahida Khan,Javeria Khan,SIP Fernando,0,0,"",""
ball,1,25.6,Pakistan,Nahida Khan,Javeria Khan,SIP Fernando,2,0,"",""
ball,1,26.1,Pakistan,Javeria Khan,Nahida Khan,LE Kaushalya,0,0,"",""
ball,1,26.2,Pakistan,Javeria Khan,Nahida Khan,LE Kaushalya,0,0,"",""
ball,1,26.3,Pakistan,Javeria Khan,Nahida Khan,LE Kaushalya,1,0,"",""
ball,1,26.4,Pakistan,Nahida Khan,Javeria Khan,LE Kaushalya,0,0,"",""
ball,1,26.5,Pakistan,Nahida Khan,Javeria Khan,LE Kaushalya,1,0,"",""
ball,1,26.6,Pakistan,Javeria Khan,Nahida Khan,LE Kaushalya,0,0,"",""
ball,1,27.1,Pakistan,Nahida Khan,Javeria Khan,PRCS Kumarihami,0,0,"",""
ball,1,27.2,Pakistan,Nahida Khan,Javeria Khan,PRCS Kumarihami,1,0,"",""
ball,1,27.3,Pakistan,Javeria Khan,Nahida Khan,PRCS Kumarihami,0,0,"",""
ball,1,27.4,Pakistan,Javeria Khan,Nahida Khan,PRCS Kumarihami,0,0,"",""
ball,1,27.5,Pakistan,Javeria Khan,Nahida Khan,PRCS Kumarihami,0,0,"",""
ball,1,27.6,Pakistan,Javeria Khan,Nahida Khan,PRCS Kumarihami,1,0,"",""
ball,1,28.1,Pakistan,Javeria Khan,Nahida Khan,LE Kaushalya,1,0,"",""
ball,1,28.2,Pakistan,Nahida Khan,Javeria Khan,LE Kaushalya,2,0,"",""
ball,1,28.3,Pakistan,Nahida Khan,Javeria Khan,LE Kaushalya,1,0,"",""
ball,1,28.4,Pakistan,Javeria Khan,Nahida Khan,LE Kaushalya,0,0,"",""
ball,1,28.5,Pakistan,Javeria Khan,Nahida Khan,LE Kaushalya,1,0,"",""
ball,1,28.6,Pakistan,Nahida Khan,Javeria Khan,LE Kaushalya,1,0,"",""
ball,1,29.1,Pakistan,Nahida Khan,Javeria Khan,PRCS Kumarihami,1,0,"",""
ball,1,29.2,Pakistan,Javeria Khan,Nahida Khan,PRCS Kumarihami,0,0,"",""
ball,1,29.3,Pakistan,Javeria Khan,Nahida Khan,PRCS Kumarihami,2,0,"",""
ball,1,29.4,Pakistan,Javeria Khan,Nahida Khan,PRCS Kumarihami,0,0,"",""
ball,1,29.5,Pakistan,Javeria Khan,Nahida Khan,PRCS Kumarihami,1,0,"",""
ball,1,29.6,Pakistan,Nahida Khan,Javeria Khan,PRCS Kumarihami,0,0,caught,Nahida Khan
ball,1,30.1,Pakistan,Javeria Khan,Bismah Maroof,LE Kaushalya,1,0,"",""
ball,1,30.2,Pakistan,Bismah Maroof,Javeria Khan,LE Kaushalya,0,0,"",""
ball,1,30.3,Pakistan,Bismah Maroof,Javeria Khan,LE Kaushalya,1,0,"",""
ball,1,30.4,Pakistan,Javeria Khan,Bismah Maroof,LE Kaushalya,1,0,"",""
ball,1,30.5,Pakistan,Bismah Maroof,Javeria Khan,LE Kaushalya,0,0,"",""
ball,1,30.6,Pakistan,Bismah Maroof,Javeria Khan,LE Kaushalya,0,0,"",""
ball,1,31.1,Pakistan,Javeria Khan,Bismah Maroof,PRCS Kumarihami,0,0,"",""
ball,1,31.2,Pakistan,Javeria Khan,Bismah Maroof,PRCS Kumarihami,1,0,"",""
ball,1,31.3,Pakistan,Bismah Maroof,Javeria Khan,PRCS Kumarihami,0,0,"",""
ball,1,31.4,Pakistan,Bismah Maroof,Javeria Khan,PRCS Kumarihami,0,0,"",""
ball,1,31.5,Pakistan,Bismah Maroof,Javeria Khan,PRCS Kumarihami,1,0,"",""
ball,1,31.6,Pakistan,Javeria Khan,Bismah Maroof,PRCS Kumarihami,0,0,"",""
ball,1,32.1,Pakistan,Bismah Maroof,Javeria Khan,SS Weerakkody,0,0,"",""
ball,1,32.2,Pakistan,Bismah Maroof,Javeria Khan,SS Weerakkody,0,0,"",""
ball,1,32.3,Pakistan,Bismah Maroof,Javeria Khan,SS Weerakkody,0,0,"",""
ball,1,32.4,Pakistan,Bismah Maroof,Javeria Khan,SS Weerakkody,0,0,"",""
ball,1,32.5,Pakistan,Bismah Maroof,Javeria Khan,SS Weerakkody,1,0,"",""
ball,1,32.6,Pakistan,Javeria Khan,Bismah Maroof,SS Weerakkody,4,0,"",""
ball,1,33.1,Pakistan,Bismah Maroof,Javeria Khan,PRCS Kumarihami,1,0,"",""
ball,1,33.2,Pakistan,Javeria Khan,Bismah Maroof,PRCS Kumarihami,1,0,"",""
ball,1,33.3,Pakistan,Bismah Maroof,Javeria Khan,PRCS Kumarihami,0,0,"",""
ball,1,33.4,Pakistan,Bismah Maroof,Javeria Khan,PRCS Kumarihami,0,0,"",""
ball,1,33.5,Pakistan,Bismah Maroof,Javeria Khan,PRCS Kumarihami,0,0,"",""
ball,1,33.6,Pakistan,Bismah Maroof,Javeria Khan,PRCS Kumarihami,4,0,"",""
ball,1,34.1,Pakistan,Javeria Khan,Bismah Maroof,SS Weerakkody,0,0,"",""
ball,1,34.2,Pakistan,Javeria Khan,Bismah Maroof,SS Weerakkody,1,0,"",""
ball,1,34.3,Pakistan,Bismah Maroof,Javeria Khan,SS Weerakkody,0,0,"",""
ball,1,34.4,Pakistan,Bismah Maroof,Javeria Khan,SS Weerakkody,3,0,"",""
ball,1,34.5,Pakistan,Javeria Khan,Bismah Maroof,SS Weerakkody,1,0,"",""
ball,1,34.6,Pakistan,Bismah Maroof,Javeria Khan,SS Weerakkody,0,0,"",""
ball,1,35.1,Pakistan,Javeria Khan,Bismah Maroof,PRCS Kumarihami,0,0,"",""
ball,1,35.2,Pakistan,Javeria Khan,Bismah Maroof,PRCS Kumarihami,0,0,"",""
ball,1,35.3,Pakistan,Javeria Khan,Bismah Maroof,PRCS Kumarihami,0,0,"",""
ball,1,35.4,Pakistan,Javeria Khan,Bismah Maroof,PRCS Kumarihami,1,0,"",""
ball,1,35.5,Pakistan,Bismah Maroof,Javeria Khan,PRCS Kumarihami,1,0,"",""
ball,1,35.6,Pakistan,Javeria Khan,Bismah Maroof,PRCS Kumarihami,0,0,"",""
ball,1,36.1,Pakistan,Bismah Maroof,Javeria Khan,SS Weerakkody,4,0,"",""
ball,1,36.2,Pakistan,Bismah Maroof,Javeria Khan,SS Weerakkody,1,0,"",""
ball,1,36.3,Pakistan,Javeria Khan,Bismah Maroof,SS Weerakkody,1,0,"",""
ball,1,36.4,Pakistan,Bismah Maroof,Javeria Khan,SS Weerakkody,1,0,"",""
ball,1,36.5,Pakistan,Javeria Khan,Bismah Maroof,SS Weerakkody,2,0,"",""
ball,1,36.6,Pakistan,Javeria Khan,Bismah Maroof,SS Weerakkody,1,0,"",""
ball,1,37.1,Pakistan,Javeria Khan,Bismah Maroof,PRCS Kumarihami,1,0,"",""
ball,1,37.2,Pakistan,Bismah Maroof,Javeria Khan,PRCS Kumarihami,1,0,"",""
ball,1,37.3,Pakistan,Javeria Khan,Bismah Maroof,PRCS Kumarihami,1,0,"",""
ball,1,37.4,Pakistan,Bismah Maroof,Javeria Khan,PRCS Kumarihami,0,0,"",""
ball,1,37.5,Pakistan,Bismah Maroof,Javeria Khan,PRCS Kumarihami,0,0,"",""
ball,1,37.6,Pakistan,Bismah Maroof,Javeria Khan,PRCS Kumarihami,0,0,"",""
ball,1,38.1,Pakistan,Javeria Khan,Bismah Maroof,KDU Prabodhani,1,0,"",""
ball,1,38.2,Pakistan,Bismah Maroof,Javeria Khan,KDU Prabodhani,0,0,"",""
ball,1,38.3,Pakistan,Bismah Maroof,Javeria Khan,KDU Prabodhani,1,0,"",""
ball,1,38.4,Pakistan,Javeria Khan,Bismah Maroof,KDU Prabodhani,0,0,"",""
ball,1,38.5,Pakistan,Javeria Khan,Bismah Maroof,KDU Prabodhani,1,0,"",""
ball,1,38.6,Pakistan,Bismah Maroof,Javeria Khan,KDU Prabodhani,0,0,bowled,Bismah Maroof
ball,1,39.1,Pakistan,Javeria Khan,Nain Abidi,PRCS Kumarihami,0,0,lbw,Javeria Khan
ball,1,39.2,Pakistan,Rabiya Shah,Nain Abidi,PRCS Kumarihami,0,0,"",""
ball,1,39.3,Pakistan,Rabiya Shah,Nain Abidi,PRCS Kumarihami,0,0,"",""
ball,1,39.4,Pakistan,Rabiya Shah,Nain Abidi,PRCS Kumarihami,1,0,"",""
ball,1,39.5,Pakistan,Nain Abidi,Rabiya Shah,PRCS Kumarihami,0,0,"",""
ball,1,39.6,Pakistan,Nain Abidi,Rabiya Shah,PRCS Kumarihami,0,0,"",""
ball,1,40.1,Pakistan,Rabiya Shah,Nain Abidi,KDU Prabodhani,0,0,"",""
ball,1,40.2,Pakistan,Rabiya Shah,Nain Abidi,KDU Prabodhani,0,0,"",""
ball,1,40.3,Pakistan,Rabiya Shah,Nain Abidi,KDU Prabodhani,0,0,"",""
ball,1,40.4,Pakistan,Rabiya Shah,Nain Abidi,KDU Prabodhani,1,0,"",""
ball,1,40.5,Pakistan,Nain Abidi,Rabiya Shah,KDU Prabodhani,1,0,"",""
ball,1,40.6,Pakistan,Rabiya Shah,Nain Abidi,KDU Prabodhani,0,0,"",""
ball,1,41.1,Pakistan,Nain Abidi,Rabiya Shah,PRCS Kumarihami,2,0,"",""
ball,1,41.2,Pakistan,Nain Abidi,Rabiya Shah,PRCS Kumarihami,0,0,"",""
ball,1,41.3,Pakistan,Nain Abidi,Rabiya Shah,PRCS Kumarihami,2,0,"",""
ball,1,41.4,Pakistan,Nain Abidi,Rabiya Shah,PRCS Kumarihami,0,0,"",""
ball,1,41.5,Pakistan,Nain Abidi,Rabiya Shah,PRCS Kumarihami,1,0,"",""
ball,1,41.6,Pakistan,Rabiya Shah,Nain Abidi,PRCS Kumarihami,0,0,"",""
ball,1,42.1,Pakistan,Nain Abidi,Rabiya Shah,I Ranaweera,0,0,"",""
ball,1,42.2,Pakistan,Nain Abidi,Rabiya Shah,I Ranaweera,1,0,"",""
ball,1,42.3,Pakistan,Rabiya Shah,Nain Abidi,I Ranaweera,1,0,"",""
ball,1,42.4,Pakistan,Nain Abidi,Rabiya Shah,I Ranaweera,1,0,"",""
ball,1,42.5,Pakistan,Rabiya Shah,Nain Abidi,I Ranaweera,0,0,"",""
ball,1,42.6,Pakistan,Rabiya Shah,Nain Abidi,I Ranaweera,2,0,"",""
ball,1,43.1,Pakistan,Nain Abidi,Rabiya Shah,PRCS Kumarihami,0,0,"",""
ball,1,43.2,Pakistan,Nain Abidi,Rabiya Shah,PRCS Kumarihami,1,0,"",""
ball,1,43.3,Pakistan,Rabiya Shah,Nain Abidi,PRCS Kumarihami,0,0,"",""
ball,1,43.4,Pakistan,Rabiya Shah,Nain Abidi,PRCS Kumarihami,1,0,"",""
ball,1,43.5,Pakistan,Nain Abidi,Rabiya Shah,PRCS Kumarihami,1,0,"",""
ball,1,43.6,Pakistan,Rabiya Shah,Nain Abidi,PRCS Kumarihami,1,0,"",""
ball,1,44.1,Pakistan,Rabiya Shah,Nain Abidi,I Ranaweera,1,0,"",""
ball,1,44.2,Pakistan,Nain Abidi,Rabiya Shah,I Ranaweera,1,0,"",""
ball,1,44.3,Pakistan,Rabiya Shah,Nain Abidi,I Ranaweera,0,0,"",""
ball,1,44.4,Pakistan,Rabiya Shah,Nain Abidi,I Ranaweera,1,0,"",""
ball,1,44.5,Pakistan,Nain Abidi,Rabiya Shah,I Ranaweera,1,0,"",""
ball,1,44.6,Pakistan,Rabiya Shah,Nain Abidi,I Ranaweera,0,0,stumped,Rabiya Shah
ball,1,45.1,Pakistan,Nain Abidi,Aliya Riaz,PRCS Kumarihami,2,0,"",""
ball,1,45.2,Pakistan,Nain Abidi,Aliya Riaz,PRCS Kumarihami,0,0,"",""
ball,1,45.3,Pakistan,Nain Abidi,Aliya Riaz,PRCS Kumarihami,0,0,"",""
ball,1,45.4,Pakistan,Nain Abidi,Aliya Riaz,PRCS Kumarihami,1,0,"",""
ball,1,45.5,Pakistan,Aliya Riaz,Nain Abidi,PRCS Kumarihami,1,0,"",""
ball,1,45.6,Pakistan,Nain Abidi,Aliya Riaz,PRCS Kumarihami,1,0,"",""
ball,1,46.1,Pakistan,Nain Abidi,Aliya Riaz,I Ranaweera,1,0,"",""
ball,1,46.2,Pakistan,Aliya Riaz,Nain Abidi,I Ranaweera,0,0,"",""
ball,1,46.3,Pakistan,Aliya Riaz,Nain Abidi,I Ranaweera,0,0,"",""
ball,1,46.4,Pakistan,Aliya Riaz,Nain Abidi,I Ranaweera,0,0,run out,Nain Abidi
ball,1,46.5,Pakistan,Sana Mir,Aliya Riaz,I Ranaweera,0,0,"",""
ball,1,46.6,Pakistan,Sana Mir,Aliya Riaz,I Ranaweera,1,0,"",""
ball,1,47.1,Pakistan,Sana Mir,Aliya Riaz,KDU Prabodhani,2,0,"",""
ball,1,47.2,Pakistan,Sana Mir,Aliya Riaz,KDU Prabodhani,1,0,"",""
ball,1,47.3,Pakistan,Aliya Riaz,Sana Mir,KDU Prabodhani,4,0,"",""
ball,1,47.4,Pakistan,Aliya Riaz,Sana Mir,KDU Prabodhani,1,0,"",""
ball,1,47.5,Pakistan,Sana Mir,Aliya Riaz,KDU Prabodhani,4,0,"",""
ball,1,47.6,Pakistan,Sana Mir,Aliya Riaz,KDU Prabodhani,1,0,"",""
ball,1,48.1,Pakistan,Sana Mir,Aliya Riaz,I Ranaweera,0,0,"",""
ball,1,48.2,Pakistan,Sana Mir,Aliya Riaz,I Ranaweera,1,0,"",""
ball,1,48.3,Pakistan,Aliya Riaz,Sana Mir,I Ranaweera,1,0,"",""
ball,1,48.4,Pakistan,Sana Mir,Aliya Riaz,I Ranaweera,1,0,"",""
ball,1,48.5,Pakistan,Aliya Riaz,Sana Mir,I Ranaweera,0,0,caught,Aliya Riaz
ball,1,48.6,Pakistan,Sana Mir,Aiman Anwer,I Ranaweera,1,0,"",""
ball,1,49.1,Pakistan,Sana Mir,Aiman Anwer,SS Weerakkody,2,0,"",""
ball,1,49.2,Pakistan,Sana Mir,Aiman Anwer,SS Weerakkody,2,0,"",""
ball,1,49.3,Pakistan,Sana Mir,Aiman Anwer,SS Weerakkody,1,0,"",""
ball,1,49.4,Pakistan,Aiman Anwer,Sana Mir,SS Weerakkody,0,0,"",""
ball,1,49.5,Pakistan,Aiman Anwer,Sana Mir,SS Weerakkody,1,0,"",""
ball,1,49.6,Pakistan,Sana Mir,Aiman Anwer,SS Weerakkody,0,0,"",""
ball,2,0.1,Sri Lanka,MDN Hansika,AC Jayangani,Aiman Anwer,0,0,"",""
ball,2,0.2,Sri Lanka,MDN Hansika,AC Jayangani,Aiman Anwer,0,0,"",""
ball,2,0.3,Sri Lanka,MDN Hansika,AC Jayangani,Aiman Anwer,0,0,"",""
ball,2,0.4,Sri Lanka,MDN Hansika,AC Jayangani,Aiman Anwer,0,1,"",""
ball,2,0.5,Sri Lanka,AC Jayangani,MDN Hansika,Aiman Anwer,4,0,"",""
ball,2,0.6,Sri Lanka,AC Jayangani,MDN Hansika,Aiman Anwer,4,0,"",""
ball,2,1.1,Sri Lanka,MDN Hansika,AC Jayangani,Sana Mir,4,0,"",""
ball,2,1.2,Sri Lanka,MDN Hansika,AC Jayangani,Sana Mir,0,0,"",""
ball,2,1.3,Sri Lanka,MDN Hansika,AC Jayangani,Sana Mir,0,0,"",""
ball,2,1.4,Sri Lanka,MDN Hansika,AC Jayangani,Sana Mir,1,0,"",""
ball,2,1.5,Sri Lanka,AC Jayangani,MDN Hansika,Sana Mir,0,0,"",""
ball,2,1.6,Sri Lanka,AC Jayangani,MDN Hansika,Sana Mir,0,0,"",""
ball,2,2.1,Sri Lanka,MDN Hansika,AC Jayangani,Aiman Anwer,0,0,"",""
ball,2,2.2,Sri Lanka,MDN Hansika,AC Jayangani,Aiman Anwer,0,0,"",""
ball,2,2.3,Sri Lanka,MDN Hansika,AC Jayangani,Aiman Anwer,0,0,"",""
ball,2,2.4,Sri Lanka,MDN Hansika,AC Jayangani,Aiman Anwer,0,0,"",""
ball,2,2.5,Sri Lanka,MDN Hansika,AC Jayangani,Aiman Anwer,0,0,"",""
ball,2,2.6,Sri Lanka,MDN Hansika,AC Jayangani,Aiman Anwer,0,0,"",""
ball,2,3.1,Sri Lanka,AC Jayangani,MDN Hansika,Sana Mir,0,0,"",""
ball,2,3.2,Sri Lanka,AC Jayangani,MDN Hansika,Sana Mir,4,0,"",""
ball,2,3.3,Sri Lanka,AC Jayangani,MDN Hansika,Sana Mir,0,0,"",""
ball,2,3.4,Sri Lanka,AC Jayangani,MDN Hansika,Sana Mir,0,0,"",""
ball,2,3.5,Sri Lanka,AC Jayangani,MDN Hansika,Sana Mir,0,0,"",""
ball,2,3.6,Sri Lanka,AC Jayangani,MDN Hansika,Sana Mir,0,1,"",""
ball,2,3.7,Sri Lanka,AC Jayangani,MDN Hansika,Sana Mir,4,0,"",""
ball,2,4.1,Sri Lanka,MDN Hansika,AC Jayangani,Aiman Anwer,1,0,"",""
ball,2,4.2,Sri Lanka,AC Jayangani,MDN Hansika,Aiman Anwer,0,0,"",""
ball,2,4.3,Sri Lanka,AC Jayangani,MDN Hansika,Aiman Anwer,0,0,"",""
ball,2,4.4,Sri Lanka,AC Jayangani,MDN Hansika,Aiman Anwer,0,0,"",""
ball,2,4.5,Sri Lanka,AC Jayangani,MDN Hansika,Aiman Anwer,0,0,"",""
ball,2,4.6,Sri Lanka,AC Jayangani,MDN Hansika,Aiman Anwer,0,0,"",""
ball,2,5.1,Sri Lanka,MDN Hansika,AC Jayangani,Nashra Sandhu,0,0,"",""
ball,2,5.2,Sri Lanka,MDN Hansika,AC Jayangani,Nashra Sandhu,0,0,"",""
ball,2,5.3,Sri Lanka,MDN Hansika,AC Jayangani,Nashra Sandhu,1,0,"",""
ball,2,5.4,Sri Lanka,AC Jayangani,MDN Hansika,Nashra Sandhu,0,0,"",""
ball,2,5.5,Sri Lanka,AC Jayangani,MDN Hansika,Nashra Sandhu,0,0,"",""
ball,2,5.6,Sri Lanka,AC Jayangani,MDN Hansika,Nashra Sandhu,0,0,"",""
ball,2,6.1,Sri Lanka,MDN Hansika,AC Jayangani,Aiman Anwer,4,0,"",""
ball,2,6.2,Sri Lanka,MDN Hansika,AC Jayangani,Aiman Anwer,0,1,"",""
ball,2,6.3,Sri Lanka,MDN Hansika,AC Jayangani,Aiman Anwer,0,0,"",""
ball,2,6.4,Sri Lanka,MDN Hansika,AC Jayangani,Aiman Anwer,0,1,"",""
ball,2,6.5,Sri Lanka,AC Jayangani,MDN Hansika,Aiman Anwer,1,0,"",""
ball,2,6.6,Sri Lanka,MDN Hansika,AC Jayangani,Aiman Anwer,0,0,"",""
ball,2,6.7,Sri Lanka,MDN Hansika,AC Jayangani,Aiman Anwer,0,0,"",""
ball,2,7.1,Sri Lanka,AC Jayangani,MDN Hansika,Nashra Sandhu,1,0,"",""
ball,2,7.2,Sri Lanka,MDN Hansika,AC Jayangani,Nashra Sandhu,0,0,"",""
ball,2,7.3,Sri Lanka,MDN Hansika,AC Jayangani,Nashra Sandhu,0,0,"",""
ball,2,7.4,Sri Lanka,MDN Hansika,AC Jayangani,Nashra Sandhu,0,0,"",""
ball,2,7.5,Sri Lanka,MDN Hansika,AC Jayangani,Nashra Sandhu,0,0,"",""
ball,2,7.6,Sri Lanka,MDN Hansika,AC Jayangani,Nashra Sandhu,0,0,"",""
ball,2,8.1,Sri Lanka,AC Jayangani,MDN Hansika,Aiman Anwer,4,0,"",""
ball,2,8.2,Sri Lanka,AC Jayangani,MDN Hansika,Aiman Anwer,0,0,"",""
ball,2,8.3,Sri Lanka,AC Jayangani,MDN Hansika,Aiman Anwer,1,0,"",""
ball,2,8.4,Sri Lanka,MDN Hansika,AC Jayangani,Aiman Anwer,0,0,"",""
ball,2,8.5,Sri Lanka,MDN Hansika,AC Jayangani,Aiman Anwer,1,0,"",""
ball,2,8.6,Sri Lanka,AC Jayangani,MDN Hansika,Aiman Anwer,0,0,"",""
ball,2,9.1,Sri Lanka,MDN Hansika,AC Jayangani,Nashra Sandhu,0,0,"",""
ball,2,9.2,Sri Lanka,MDN Hansika,AC Jayangani,Nashra Sandhu,0,0,"",""
ball,2,9.3,Sri Lanka,MDN Hansika,AC Jayangani,Nashra Sandhu,0,0,"",""
ball,2,9.4,Sri Lanka,MDN Hansika,AC Jayangani,Nashra Sandhu,1,0,"",""
ball,2,9.5,Sri Lanka,AC Jayangani,MDN Hansika,Nashra Sandhu,0,0,"",""
ball,2,9.6,Sri Lanka,AC Jayangani,MDN Hansika,Nashra Sandhu,0,0,"",""
ball,2,10.1,Sri Lanka,MDN Hansika,AC Jayangani,Aiman Anwer,0,0,"",""
ball,2,10.2,Sri Lanka,MDN Hansika,AC Jayangani,Aiman Anwer,0,0,"",""
ball,2,10.3,Sri Lanka,MDN Hansika,AC Jayangani,Aiman Anwer,0,1,"",""
ball,2,10.4,Sri Lanka,AC Jayangani,MDN Hansika,Aiman Anwer,0,0,"",""
ball,2,10.5,Sri Lanka,AC Jayangani,MDN Hansika,Aiman Anwer,1,0,"",""
ball,2,10.6,Sri Lanka,MDN Hansika,AC Jayangani,Aiman Anwer,0,0,"",""
ball,2,11.1,Sri Lanka,AC Jayangani,MDN Hansika,Nashra Sandhu,4,0,"",""
ball,2,11.2,Sri Lanka,AC Jayangani,MDN Hansika,Nashra Sandhu,1,0,"",""
ball,2,11.3,Sri Lanka,MDN Hansika,AC Jayangani,Nashra Sandhu,4,0,"",""
ball,2,11.4,Sri Lanka,MDN Hansika,AC Jayangani,Nashra Sandhu,4,0,"",""
ball,2,11.5,Sri Lanka,MDN Hansika,AC Jayangani,Nashra Sandhu,0,2,"",""
ball,2,11.6,Sri Lanka,MDN Hansika,AC Jayangani,Nashra Sandhu,1,0,"",""
ball,2,12.1,Sri Lanka,MDN Hansika,AC Jayangani,Javeria Khan,0,0,"",""
ball,2,12.2,Sri Lanka,MDN Hansika,AC Jayangani,Javeria Khan,4,0,"",""
ball,2,12.3,Sri Lanka,MDN Hansika,AC Jayangani,Javeria Khan,2,0,"",""
ball,2,12.4,Sri Lanka,MDN Hansika,AC Jayangani,Javeria Khan,1,0,"",""
ball,2,12.5,Sri Lanka,AC Jayangani,MDN Hansika,Javeria Khan,0,0,"",""
ball,2,12.6,Sri Lanka,AC Jayangani,MDN Hansika,Javeria Khan,1,0,"",""
ball,2,13.1,Sri Lanka,AC Jayangani,MDN Hansika,Sana Mir,0,0,"",""
ball,2,13.2,Sri Lanka,AC Jayangani,MDN Hansika,Sana Mir,0,0,"",""
ball,2,13.3,Sri Lanka,AC Jayangani,MDN Hansika,Sana Mir,1,0,"",""
ball,2,13.4,Sri Lanka,MDN Hansika,AC Jayangani,Sana Mir,0,0,"",""
ball,2,13.5,Sri Lanka,MDN Hansika,AC Jayangani,Sana Mir,1,0,"",""
ball,2,13.6,Sri Lanka,AC Jayangani,MDN Hansika,Sana Mir,1,0,"",""
ball,2,14.1,Sri Lanka,AC Jayangani,MDN Hansika,Javeria Khan,0,1,"",""
ball,2,14.2,Sri Lanka,AC Jayangani,MDN Hansika,Javeria Khan,1,0,"",""
ball,2,14.3,Sri Lanka,MDN Hansika,AC Jayangani,Javeria Khan,1,0,"",""
ball,2,14.4,Sri Lanka,AC Jayangani,MDN Hansika,Javeria Khan,0,0,"",""
ball,2,14.5,Sri Lanka,AC Jayangani,MDN Hansika,Javeria Khan,1,0,"",""
ball,2,14.6,Sri Lanka,MDN Hansika,AC Jayangani,Javeria Khan,0,0,"",""
ball,2,14.7,Sri Lanka,MDN Hansika,AC Jayangani,Javeria Khan,0,0,"",""
ball,2,15.1,Sri Lanka,AC Jayangani,MDN Hansika,Nashra Sandhu,1,0,"",""
ball,2,15.2,Sri Lanka,MDN Hansika,AC Jayangani,Nashra Sandhu,1,0,"",""
ball,2,15.3,Sri Lanka,AC Jayangani,MDN Hansika,Nashra Sandhu,0,0,"",""
ball,2,15.4,Sri Lanka,AC Jayangani,MDN Hansika,Nashra Sandhu,0,0,bowled,AC Jayangani
ball,2,15.5,Sri Lanka,MADD Surangika,MDN Hansika,Nashra Sandhu,1,0,"",""
ball,2,15.6,Sri Lanka,MDN Hansika,MADD Surangika,Nashra Sandhu,1,0,"",""
ball,2,16.1,Sri Lanka,MDN Hansika,MADD Surangika,Sana Mir,0,0,"",""
ball,2,16.2,Sri Lanka,MDN Hansika,MADD Surangika,Sana Mir,0,0,"",""
ball,2,16.3,Sri Lanka,MDN Hansika,MADD Surangika,Sana Mir,1,0,"",""
ball,2,16.4,Sri Lanka,MADD Surangika,MDN Hansika,Sana Mir,0,0,"",""
ball,2,16.5,Sri Lanka,MADD Surangika,MDN Hansika,Sana Mir,0,0,"",""
ball,2,16.6,Sri Lanka,MADD Surangika,MDN Hansika,Sana Mir,2,0,"",""
ball,2,17.1,Sri Lanka,MDN Hansika,MADD Surangika,Ghulam Fatima,0,0,"",""
ball,2,17.2,Sri Lanka,MDN Hansika,MADD Surangika,Ghulam Fatima,2,0,"",""
ball,2,17.3,Sri Lanka,MDN Hansika,MADD Surangika,Ghulam Fatima,0,0,"",""
ball,2,17.4,Sri Lanka,MDN Hansika,MADD Surangika,Ghulam Fatima,1,0,"",""
ball,2,17.5,Sri Lanka,MADD Surangika,MDN Hansika,Ghulam Fatima,1,0,"",""
ball,2,17.6,Sri Lanka,MDN Hansika,MADD Surangika,Ghulam Fatima,0,0,lbw,MDN Hansika
ball,2,18.1,Sri Lanka,MADD Surangika,PM Weerakkody,Sana Mir,0,0,"",""
ball,2,18.2,Sri Lanka,MADD Surangika,PM Weerakkody,Sana Mir,0,0,"",""
ball,2,18.3,Sri Lanka,MADD Surangika,PM Weerakkody,Sana Mir,1,0,"",""
ball,2,18.4,Sri Lanka,PM Weerakkody,MADD Surangika,Sana Mir,0,0,"",""
ball,2,18.5,Sri Lanka,PM Weerakkody,MADD Surangika,Sana Mir,0,0,"",""
ball,2,18.6,Sri Lanka,PM Weerakkody,MADD Surangika,Sana Mir,0,0,"",""
ball,2,19.1,Sri Lanka,MADD Surangika,PM Weerakkody,Ghulam Fatima,0,0,"",""
ball,2,19.2,Sri Lanka,MADD Surangika,PM Weerakkody,Ghulam Fatima,0,0,"",""
ball,2,19.3,Sri Lanka,MADD Surangika,PM Weerakkody,Ghulam Fatima,2,0,"",""
ball,2,19.4,Sri Lanka,MADD Surangika,PM Weerakkody,Ghulam Fatima,1,0,"",""
ball,2,19.5,Sri Lanka,PM Weerakkody,MADD Surangika,Ghulam Fatima,0,0,"",""
ball,2,19.6,Sri Lanka,PM Weerakkody,MADD Surangika,Ghulam Fatima,1,0,"",""
ball,2,20.1,Sri Lanka,PM Weerakkody,MADD Surangika,Sana Mir,0,1,"",""
ball,2,20.2,Sri Lanka,PM Weerakkody,MADD Surangika,Sana Mir,0,0,"",""
ball,2,20.3,Sri Lanka,PM Weerakkody,MADD Surangika,Sana Mir,0,0,"",""
ball,2,20.4,Sri Lanka,PM Weerakkody,MADD Surangika,Sana Mir,1,0,"",""
ball,2,20.5,Sri Lanka,MADD Surangika,PM Weerakkody,Sana Mir,0,0,"",""
ball,2,20.6,Sri Lanka,MADD Surangika,PM Weerakkody,Sana Mir,0,0,"",""
ball,2,20.7,Sri Lanka,MADD Surangika,PM Weerakkody,Sana Mir,0,0,"",""
ball,2,21.1,Sri Lanka,PM Weerakkody,MADD Surangika,Ghulam Fatima,1,0,"",""
ball,2,21.2,Sri Lanka,MADD Surangika,PM Weerakkody,Ghulam Fatima,0,0,"",""
ball,2,21.3,Sri Lanka,MADD Surangika,PM Weerakkody,Ghulam Fatima,0,0,"",""
ball,2,21.4,Sri Lanka,MADD Surangika,PM Weerakkody,Ghulam Fatima,1,0,"",""
ball,2,21.5,Sri Lanka,PM Weerakkody,MADD Surangika,Ghulam Fatima,0,0,"",""
ball,2,21.6,Sri Lanka,PM Weerakkody,MADD Surangika,Ghulam Fatima,1,0,"",""
ball,2,22.1,Sri Lanka,PM Weerakkody,MADD Surangika,Javeria Khan,0,0,"",""
ball,2,22.2,Sri Lanka,PM Weerakkody,MADD Surangika,Javeria Khan,2,0,"",""
ball,2,22.3,Sri Lanka,PM Weerakkody,MADD Surangika,Javeria Khan,0,0,"",""
ball,2,22.4,Sri Lanka,PM Weerakkody,MADD Surangika,Javeria Khan,0,1,"",""
ball,2,22.5,Sri Lanka,PM Weerakkody,MADD Surangika,Javeria Khan,1,0,"",""
ball,2,22.6,Sri Lanka,MADD Surangika,PM Weerakkody,Javeria Khan,0,0,"",""
ball,2,22.7,Sri Lanka,MADD Surangika,PM Weerakkody,Javeria Khan,0,0,"",""
ball,2,23.1,Sri Lanka,PM Weerakkody,MADD Surangika,Ghulam Fatima,1,0,"",""
ball,2,23.2,Sri Lanka,MADD Surangika,PM Weerakkody,Ghulam Fatima,0,0,"",""
ball,2,23.3,Sri Lanka,MADD Surangika,PM Weerakkody,Ghulam Fatima,1,1,"",""
ball,2,23.4,Sri Lanka,PM Weerakkody,MADD Surangika,Ghulam Fatima,1,0,"",""
ball,2,23.5,Sri Lanka,MADD Surangika,PM Weerakkody,Ghulam Fatima,0,0,caught,MADD Surangika
ball,2,23.6,Sri Lanka,LE Kaushalya,PM Weerakkody,Ghulam Fatima,0,0,"",""
ball,2,23.7,Sri Lanka,LE Kaushalya,PM Weerakkody,Ghulam Fatima,1,0,"",""
ball,2,24.1,Sri Lanka,LE Kaushalya,PM Weerakkody,Javeria Khan,0,0,"",""
ball,2,24.2,Sri Lanka,LE Kaushalya,PM Weerakkody,Javeria Khan,0,0,"",""
ball,2,24.3,Sri Lanka,LE Kaushalya,PM Weerakkody,Javeria Khan,0,0,"",""
ball,2,24.4,Sri Lanka,LE Kaushalya,PM Weerakkody,Javeria Khan,4,0,"",""
ball,2,24.5,Sri Lanka,LE Kaushalya,PM Weerakkody,Javeria Khan,0,0,"",""
ball,2,24.6,Sri Lanka,LE Kaushalya,PM Weerakkody,Javeria Khan,0,1,"",""
ball,2,24.7,Sri Lanka,LE Kaushalya,PM Weerakkody,Javeria Khan,1,0,"",""
ball,2,25.1,Sri Lanka,LE Kaushalya,PM Weerakkody,Ghulam Fatima,0,0,"",""
ball,2,25.2,Sri Lanka,LE Kaushalya,PM Weerakkody,Ghulam Fatima,0,0,"",""
ball,2,25.3,Sri Lanka,LE Kaushalya,PM Weerakkody,Ghulam Fatima,1,0,"",""
ball,2,25.4,Sri Lanka,PM Weerakkody,LE Kaushalya,Ghulam Fatima,1,0,"",""
ball,2,25.5,Sri Lanka,LE Kaushalya,PM Weerakkody,Ghulam Fatima,1,0,"",""
ball,2,25.6,Sri Lanka,PM Weerakkody,LE Kaushalya,Ghulam Fatima,1,0,"",""
ball,2,26.1,Sri Lanka,PM Weerakkody,LE Kaushalya,Javeria Khan,1,0,"",""
ball,2,26.2,Sri Lanka,LE Kaushalya,PM Weerakkody,Javeria Khan,0,0,"",""
ball,2,26.3,Sri Lanka,LE Kaushalya,PM Weerakkody,Javeria Khan,1,0,"",""
ball,2,26.4,Sri Lanka,PM Weerakkody,LE Kaushalya,Javeria Khan,0,0,"",""
ball,2,26.5,Sri Lanka,PM Weerakkody,LE Kaushalya,Javeria Khan,0,0,"",""
ball,2,26.6,Sri Lanka,PM Weerakkody,LE Kaushalya,Javeria Khan,0,0,"",""
ball,2,27.1,Sri Lanka,LE Kaushalya,PM Weerakkody,Aliya Riaz,0,0,"",""
ball,2,27.2,Sri Lanka,LE Kaushalya,PM Weerakkody,Aliya Riaz,0,1,"",""
ball,2,27.3,Sri Lanka,LE Kaushalya,PM Weerakkody,Aliya Riaz,0,0,"",""
ball,2,27.4,Sri Lanka,LE Kaushalya,PM Weerakkody,Aliya Riaz,1,0,"",""
ball,2,27.5,Sri Lanka,PM Weerakkody,LE Kaushalya,Aliya Riaz,0,1,"",""
ball,2,27.6,Sri Lanka,LE Kaushalya,PM Weerakkody,Aliya Riaz,1,0,"",""
ball,2,27.7,Sri Lanka,PM Weerakkody,LE Kaushalya,Aliya Riaz,0,0,"",""
ball,2,28.1,Sri Lanka,LE Kaushalya,PM Weerakkody,Nashra Sandhu,0,0,"",""
ball,2,28.2,Sri Lanka,LE Kaushalya,PM Weerakkody,Nashra Sandhu,1,0,"",""
ball,2,28.3,Sri Lanka,PM Weerakkody,LE Kaushalya,Nashra Sandhu,0,0,"",""
ball,2,28.4,Sri Lanka,PM Weerakkody,LE Kaushalya,Nashra Sandhu,1,0,"",""
ball,2,28.5,Sri Lanka,LE Kaushalya,PM Weerakkody,Nashra Sandhu,1,0,"",""
ball,2,28.6,Sri Lanka,PM Weerakkody,LE Kaushalya,Nashra Sandhu,1,0,"",""
ball,2,29.1,Sri Lanka,PM Weerakkody,LE Kaushalya,Aliya Riaz,0,0,"",""
ball,2,29.2,Sri Lanka,PM Weerakkody,LE Kaushalya,Aliya Riaz,0,1,"",""
ball,2,29.3,Sri Lanka,PM Weerakkody,LE Kaushalya,Aliya Riaz,0,0,"",""
ball,2,29.4,Sri Lanka,PM Weerakkody,LE Kaushalya,Aliya Riaz,0,0,"",""
ball,2,29.5,Sri Lanka,PM Weerakkody,LE Kaushalya,Aliya Riaz,1,0,"",""
ball,2,29.6,Sri Lanka,LE Kaushalya,PM Weerakkody,Aliya Riaz,1,0,"",""
ball,2,29.7,Sri Lanka,PM Weerakkody,LE Kaushalya,Aliya Riaz,1,0,"",""
ball,2,30.1,Sri Lanka,PM Weerakkody,LE Kaushalya,Sana Mir,0,0,"",""
ball,2,30.2,Sri Lanka,PM Weerakkody,LE Kaushalya,Sana Mir,0,0,"",""
ball,2,30.3,Sri Lanka,PM Weerakkody,LE Kaushalya,Sana Mir,0,0,"",""
ball,2,30.4,Sri Lanka,PM Weerakkody,LE Kaushalya,Sana Mir,0,0,"",""
ball,2,30.5,Sri Lanka,PM Weerakkody,LE Kaushalya,Sana Mir,0,0,"",""
ball,2,30.6,Sri Lanka,PM Weerakkody,LE Kaushalya,Sana Mir,0,0,"",""
ball,2,31.1,Sri Lanka,LE Kaushalya,PM Weerakkody,Javeria Khan,1,0,"",""
ball,2,31.2,Sri Lanka,PM Weerakkody,LE Kaushalya,Javeria Khan,1,0,"",""
ball,2,31.3,Sri Lanka,LE Kaushalya,PM Weerakkody,Javeria Khan,0,0,"",""
ball,2,31.4,Sri Lanka,LE Kaushalya,PM Weerakkody,Javeria Khan,2,0,"",""
ball,2,31.5,Sri Lanka,LE Kaushalya,PM Weerakkody,Javeria Khan,1,0,"",""
ball,2,31.6,Sri Lanka,PM Weerakkody,LE Kaushalya,Javeria Khan,0,0,"",""
ball,2,32.1,Sri Lanka,LE Kaushalya,PM Weerakkody,Ghulam Fatima,1,0,"",""
ball,2,32.2,Sri Lanka,PM Weerakkody,LE Kaushalya,Ghulam Fatima,1,0,"",""
ball,2,32.3,Sri Lanka,LE Kaushalya,PM Weerakkody,Ghulam Fatima,0,0,"",""
ball,2,32.4,Sri Lanka,LE Kaushalya,PM Weerakkody,Ghulam Fatima,4,0,"",""
ball,2,32.5,Sri Lanka,LE Kaushalya,PM Weerakkody,Ghulam Fatima,1,0,"",""
ball,2,32.6,Sri Lanka,PM Weerakkody,LE Kaushalya,Ghulam Fatima,1,0,"",""
ball,2,33.1,Sri Lanka,PM Weerakkody,LE Kaushalya,Aliya Riaz,1,0,"",""
ball,2,33.2,Sri Lanka,LE Kaushalya,PM Weerakkody,Aliya Riaz,4,0,"",""
ball,2,33.3,Sri Lanka,LE Kaushalya,PM Weerakkody,Aliya Riaz,1,0,"",""
ball,2,33.4,Sri Lanka,PM Weerakkody,LE Kaushalya,Aliya Riaz,4,0,"",""
ball,2,33.5,Sri Lanka,PM Weerakkody,LE Kaushalya,Aliya Riaz,0,0,"",""
ball,2,33.6,Sri Lanka,PM Weerakkody,LE Kaushalya,Aliya Riaz,1,0,"",""
ball,2,34.1,Sri Lanka,PM Weerakkody,LE Kaushalya,Bismah Maroof,1,0,"",""
ball,2,34.2,Sri Lanka,LE Kaushalya,PM Weerakkody,Bismah Maroof,2,0,"",""
ball,2,34.3,Sri Lanka,LE Kaushalya,PM Weerakkody,Bismah Maroof,0,0,"",""
ball,2,34.4,Sri Lanka,LE Kaushalya,PM Weerakkody,Bismah Maroof,0,0,"",""
ball,2,34.5,Sri Lanka,LE Kaushalya,PM Weerakkody,Bismah Maroof,0,0,"",""
ball,2,34.6,Sri Lanka,LE Kaushalya,PM Weerakkody,Bismah Maroof,0,0,"",""
ball,2,35.1,Sri Lanka,PM Weerakkody,LE Kaushalya,Nashra Sandhu,1,0,"",""
ball,2,35.2,Sri Lanka,LE Kaushalya,PM Weerakkody,Nashra Sandhu,0,0,"",""
ball,2,35.3,Sri Lanka,LE Kaushalya,PM Weerakkody,Nashra Sandhu,0,0,"",""
ball,2,35.4,Sri Lanka,LE Kaushalya,PM Weerakkody,Nashra Sandhu,1,0,"",""
ball,2,35.5,Sri Lanka,PM Weerakkody,LE Kaushalya,Nashra Sandhu,1,0,"",""
ball,2,35.6,Sri Lanka,LE Kaushalya,PM Weerakkody,Nashra Sandhu,0,0,"",""
ball,2,36.1,Sri Lanka,PM Weerakkody,LE Kaushalya,Sana Mir,0,0,"",""
ball,2,36.2,Sri Lanka,PM Weerakkody,LE Kaushalya,Sana Mir,4,0,"",""
ball,2,36.3,Sri Lanka,PM Weerakkody,LE Kaushalya,Sana Mir,1,0,"",""
ball,2,36.4,Sri Lanka,LE Kaushalya,PM Weerakkody,Sana Mir,1,0,"",""
ball,2,36.5,Sri Lanka,PM Weerakkody,LE Kaushalya,Sana Mir,1,0,"",""
ball,2,36.6,Sri Lanka,LE Kaushalya,PM Weerakkody,Sana Mir,0,0,"",""
ball,2,37.1,Sri Lanka,PM Weerakkody,LE Kaushalya,Nashra Sandhu,1,0,"",""
ball,2,37.2,Sri Lanka,LE Kaushalya,PM Weerakkody,Nashra Sandhu,1,0,"",""
ball,2,37.3,Sri Lanka,PM Weerakkody,LE Kaushalya,Nashra Sandhu,0,0,"",""
ball,2,37.4,Sri Lanka,PM Weerakkody,LE Kaushalya,Nashra Sandhu,1,0,"",""
ball,2,37.5,Sri Lanka,LE Kaushalya,PM Weerakkody,Nashra Sandhu,1,0,"",""
ball,2,37.6,Sri Lanka,PM Weerakkody,LE Kaushalya,Nashra Sandhu,0,0,"",""
ball,2,38.1,Sri Lanka,LE Kaushalya,PM Weerakkody,Bismah Maroof,0,0,"",""
ball,2,38.2,Sri Lanka,LE Kaushalya,PM Weerakkody,Bismah Maroof,1,0,"",""
ball,2,38.3,Sri Lanka,PM Weerakkody,LE Kaushalya,Bismah Maroof,1,0,"",""
ball,2,38.4,Sri Lanka,LE Kaushalya,PM Weerakkody,Bismah Maroof,4,0,"",""
ball,2,38.5,Sri Lanka,LE Kaushalya,PM Weerakkody,Bismah Maroof,1,0,"",""
ball,2,38.6,Sri Lanka,PM Weerakkody,LE Kaushalya,Bismah Maroof,1,0,"",""
ball,2,39.1,Sri Lanka,PM Weerakkody,LE Kaushalya,Javeria Khan,0,0,"",""
ball,2,39.2,Sri Lanka,PM Weerakkody,LE Kaushalya,Javeria Khan,1,0,"",""
ball,2,39.3,Sri Lanka,LE Kaushalya,PM Weerakkody,Javeria Khan,4,0,"",""
ball,2,39.4,Sri Lanka,LE Kaushalya,PM Weerakkody,Javeria Khan,1,0,"",""
ball,2,39.5,Sri Lanka,PM Weerakkody,LE Kaushalya,Javeria Khan,0,0,"",""
ball,2,39.6,Sri Lanka,PM Weerakkody,LE Kaushalya,Javeria Khan,1,0,"",""
ball,2,40.1,Sri Lanka,PM Weerakkody,LE Kaushalya,Bismah Maroof,0,0,"",""
ball,2,40.2,Sri Lanka,PM Weerakkody,LE Kaushalya,Bismah Maroof,0,0,"",""
ball,2,40.3,Sri Lanka,PM Weerakkody,LE Kaushalya,Bismah Maroof,1,0,"",""
ball,2,40.4,Sri Lanka,LE Kaushalya,PM Weerakkody,Bismah Maroof,1,0,"",""
ball,2,40.5,Sri Lanka,PM Weerakkody,LE Kaushalya,Bismah Maroof,1,0,"",""
ball,2,40.6,Sri Lanka,LE Kaushalya,PM Weerakkody,Bismah Maroof,0,0,"",""
ball,2,41.1,Sri Lanka,PM Weerakkody,LE Kaushalya,Sana Mir,2,0,"",""
ball,2,41.2,Sri Lanka,PM Weerakkody,LE Kaushalya,Sana Mir,1,0,"",""
ball,2,41.3,Sri Lanka,LE Kaushalya,PM Weerakkody,Sana Mir,0,0,"",""
ball,2,41.4,Sri Lanka,LE Kaushalya,PM Weerakkody,Sana Mir,0,0,"",""
ball,2,41.5,Sri Lanka,LE Kaushalya,PM Weerakkody,Sana Mir,0,1,"",""
ball,2,41.6,Sri Lanka,PM Weerakkody,LE Kaushalya,Sana Mir,0,0,bowled,PM Weerakkody
ball,2,42.1,Sri Lanka,LE Kaushalya,GWHM Perera,Nashra Sandhu,0,0,"",""
ball,2,42.2,Sri Lanka,LE Kaushalya,GWHM Perera,Nashra Sandhu,1,0,"",""
ball,2,42.3,Sri Lanka,GWHM Perera,LE Kaushalya,Nashra Sandhu,0,0,"",""
ball,2,42.4,Sri Lanka,GWHM Perera,LE Kaushalya,Nashra Sandhu,0,0,caught,GWHM Perera
ball,2,42.5,Sri Lanka,LE Kaushalya,PRCS Kumarihami,Nashra Sandhu,0,0,"",""
ball,2,42.6,Sri Lanka,LE Kaushalya,PRCS Kumarihami,Nashra Sandhu,1,0,"",""
ball,2,43.1,Sri Lanka,LE Kaushalya,PRCS Kumarihami,Sana Mir,0,1,"",""
ball,2,43.2,Sri Lanka,LE Kaushalya,PRCS Kumarihami,Sana Mir,4,0,"",""
ball,2,43.3,Sri Lanka,LE Kaushalya,PRCS Kumarihami,Sana Mir,1,0,"",""
ball,2,43.4,Sri Lanka,PRCS Kumarihami,LE Kaushalya,Sana Mir,0,0,"",""
ball,2,43.5,Sri Lanka,PRCS Kumarihami,LE Kaushalya,Sana Mir,1,0,"",""
ball,2,43.6,Sri Lanka,LE Kaushalya,PRCS Kumarihami,Sana Mir,0,0,"",""
ball,2,43.7,Sri Lanka,LE Kaushalya,PRCS Kumarihami,Sana Mir,0,0,"",""
ball,2,44.1,Sri Lanka,PRCS Kumarihami,LE Kaushalya,Nashra Sandhu,1,0,"",""
ball,2,44.2,Sri Lanka,LE Kaushalya,PRCS Kumarihami,Nashra Sandhu,1,0,"",""
ball,2,44.3,Sri Lanka,PRCS Kumarihami,LE Kaushalya,Nashra Sandhu,1,0,"",""
ball,2,44.4,Sri Lanka,LE Kaushalya,PRCS Kumarihami,Nashra Sandhu,0,0,"",""
ball,2,44.5,Sri Lanka,LE Kaushalya,PRCS Kumarihami,Nashra Sandhu,0,0,"",""
ball,2,44.6,Sri Lanka,LE Kaushalya,PRCS Kumarihami,Nashra Sandhu,0,0,"",""
ball,2,45.1,Sri Lanka,PRCS Kumarihami,LE Kaushalya,Javeria Khan,0,0,"",""
ball,2,45.2,Sri Lanka,PRCS Kumarihami,LE Kaushalya,Javeria Khan,0,0,"",""
ball,2,45.3,Sri Lanka,PRCS Kumarihami,LE Kaushalya,Javeria Khan,0,0,"",""
ball,2,45.4,Sri Lanka,PRCS Kumarihami,LE Kaushalya,Javeria Khan,0,1,"",""
ball,2,45.5,Sri Lanka,PRCS Kumarihami,LE Kaushalya,Javeria Khan,0,0,"",""
ball,2,45.6,Sri Lanka,PRCS Kumarihami,LE Kaushalya,Javeria Khan,0,0,"",""
ball,2,45.7,Sri Lanka,PRCS Kumarihami,LE Kaushalya,Javeria Khan,2,0,"",""
ball,2,46.1,Sri Lanka,LE Kaushalya,PRCS Kumarihami,Bismah Maroof,0,0,"",""
ball,2,46.2,Sri Lanka,LE Kaushalya,PRCS Kumarihami,Bismah Maroof,1,0,"",""
ball,2,46.3,Sri Lanka,PRCS Kumarihami,LE Kaushalya,Bismah Maroof,0,0,"",""
ball,2,46.4,Sri Lanka,PRCS Kumarihami,LE Kaushalya,Bismah Maroof,1,0,"",""
ball,2,46.5,Sri Lanka,LE Kaushalya,PRCS Kumarihami,Bismah Maroof,1,0,"",""
ball,2,46.6,Sri Lanka,PRCS Kumarihami,LE Kaushalya,Bismah Maroof,0,0,"",""
ball,2,47.1,Sri Lanka,LE Kaushalya,PRCS Kumarihami,Javeria Khan,4,0,"",""
ball,2,47.2,Sri Lanka,LE Kaushalya,PRCS Kumarihami,Javeria Khan,0,0,"",""
ball,2,47.3,Sri Lanka,LE Kaushalya,PRCS Kumarihami,Javeria Khan,0,0,"",""
ball,2,47.4,Sri Lanka,LE Kaushalya,PRCS Kumarihami,Javeria Khan,4,0,"",""
