version,1.3.0
info,team,England
info,team,India
info,gender,female
info,season,2008/09
info,date,2009/03/10
info,competition,ICC Women's World Cup
info,match_number,7
info,venue,North Sydney Oval
info,city,Sydney
info,neutralvenue,true
info,toss_winner,England
info,toss_decision,field
info,player_of_match,CMG Atkins
info,umpire,BG Jerling
info,umpire,Shahul Hameed
info,reserve_umpire,MG Kumutat
info,tv_umpire,Sarika Prasad
info,match_referee,DT Jukes
info,winner,England
info,winner_wickets,9
ball,1,0.1,India,AA Deshpande,Anjum Chopra,KH Brunt,0,0,"",""
ball,1,0.2,India,AA Deshpande,Anjum Chopra,KH Brunt,0,0,"",""
ball,1,0.3,India,AA Deshpande,Anjum Chopra,KH Brunt,0,0,"",""
ball,1,0.4,India,AA Deshpande,Anjum Chopra,KH Brunt,0,0,"",""
ball,1,0.5,India,AA Deshpande,Anjum Chopra,KH Brunt,0,0,"",""
ball,1,0.6,India,AA Deshpande,Anjum Chopra,KH Brunt,4,0,"",""
ball,1,1.1,India,Anjum Chopra,AA Deshpande,IT Guha,0,0,"",""
ball,1,1.2,India,Anjum Chopra,AA Deshpande,IT Guha,0,0,"",""
ball,1,1.3,India,Anjum Chopra,AA Deshpande,IT Guha,0,0,"",""
ball,1,1.4,India,Anjum Chopra,AA Deshpande,IT Guha,0,0,"",""
ball,1,1.5,India,Anjum Chopra,AA Deshpande,IT Guha,0,0,"",""
ball,1,1.6,India,Anjum Chopra,AA Deshpande,IT Guha,0,0,"",""
ball,1,2.1,India,AA Deshpande,Anjum Chopra,KH Brunt,0,0,"",""
ball,1,2.2,India,AA Deshpande,Anjum Chopra,KH Brunt,0,0,"",""
ball,1,2.3,India,AA Deshpande,Anjum Chopra,KH Brunt,0,0,"",""
ball,1,2.4,India,AA Deshpande,Anjum Chopra,KH Brunt,0,0,"",""
ball,1,2.5,India,AA Deshpande,Anjum Chopra,KH Brunt,0,0,"",""
ball,1,2.6,India,AA Deshpande,Anjum Chopra,KH Brunt,0,0,"",""
ball,1,3.1,India,Anjum Chopra,AA Deshpande,IT Guha,0,0,"",""
ball,1,3.2,India,Anjum Chopra,AA Deshpande,IT Guha,0,0,lbw,Anjum Chopra
ball,1,3.3,India,MDT Kamini,AA Deshpande,IT Guha,0,0,"",""
ball,1,3.4,India,MDT Kamini,AA Deshpande,IT Guha,0,0,"",""
ball,1,3.5,India,MDT Kamini,AA Deshpande,IT Guha,0,0,"",""
ball,1,3.6,India,MDT Kamini,AA Deshpande,IT Guha,0,0,"",""
ball,1,4.1,India,AA Deshpande,MDT Kamini,KH Brunt,0,0,"",""
ball,1,4.2,India,AA Deshpande,MDT Kamini,KH Brunt,0,0,"",""
ball,1,4.3,India,AA Deshpande,MDT Kamini,KH Brunt,0,0,"",""
ball,1,4.4,India,AA Deshpande,MDT Kamini,KH Brunt,0,0,"",""
ball,1,4.5,India,AA Deshpande,MDT Kamini,KH Brunt,0,0,"",""
ball,1,4.6,India,AA Deshpande,MDT Kamini,KH Brunt,0,0,"",""
ball,1,5.1,India,MDT Kamini,AA Deshpande,IT Guha,1,0,"",""
ball,1,5.2,India,AA Deshpande,MDT Kamini,IT Guha,0,0,"",""
ball,1,5.3,India,AA Deshpande,MDT Kamini,IT Guha,0,0,"",""
ball,1,5.4,India,AA Deshpande,MDT Kamini,IT Guha,1,0,"",""
ball,1,5.5,India,MDT Kamini,AA Deshpande,IT Guha,0,0,"",""
ball,1,5.6,India,MDT Kamini,AA Deshpande,IT Guha,1,0,"",""
ball,1,6.1,India,MDT Kamini,AA Deshpande,KH Brunt,0,0,"",""
ball,1,6.2,India,MDT Kamini,AA Deshpande,KH Brunt,0,0,"",""
ball,1,6.3,India,MDT Kamini,AA Deshpande,KH Brunt,0,0,"",""
ball,1,6.4,India,MDT Kamini,AA Deshpande,KH Brunt,1,0,"",""
ball,1,6.5,India,AA Deshpande,MDT Kamini,KH Brunt,0,0,"",""
ball,1,6.6,India,AA Deshpande,MDT Kamini,KH Brunt,0,0,"",""
ball,1,7.1,India,MDT Kamini,AA Deshpande,IT Guha,0,1,"",""
ball,1,7.2,India,MDT Kamini,AA Deshpande,IT Guha,0,0,"",""
ball,1,7.3,India,MDT Kamini,AA Deshpande,IT Guha,0,0,"",""
ball,1,7.4,India,MDT Kamini,AA Deshpande,IT Guha,0,0,caught and bowled,MDT Kamini
ball,1,7.5,India,M Raj,AA Deshpande,IT Guha,0,0,"",""
ball,1,7.6,India,M Raj,AA Deshpande,IT Guha,0,0,"",""
ball,1,7.7,India,M Raj,AA Deshpande,IT Guha,0,1,"",""
ball,1,8.1,India,M Raj,AA Deshpande,KH Brunt,4,0,"",""
ball,1,8.2,India,M Raj,AA Deshpande,KH Brunt,0,1,"",""
ball,1,8.3,India,AA Deshpande,M Raj,KH Brunt,0,0,"",""
ball,1,8.4,India,AA Deshpande,M Raj,KH Brunt,0,0,"",""
ball,1,8.5,India,AA Deshpande,M Raj,KH Brunt,4,0,"",""
ball,1,8.6,India,AA Deshpande,M Raj,KH Brunt,4,0,"",""
ball,1,9.1,India,M Raj,AA Deshpande,IT Guha,0,0,"",""
ball,1,9.2,India,M Raj,AA Deshpande,IT Guha,0,0,"",""
ball,1,9.3,India,M Raj,AA Deshpande,IT Guha,0,1,"",""
ball,1,9.4,India,M Raj,AA Deshpande,IT Guha,0,0,"",""
ball,1,9.5,India,M Raj,AA Deshpande,IT Guha,0,0,"",""
ball,1,9.6,India,M Raj,AA Deshpande,IT Guha,0,0,"",""
ball,1,9.7,India,M Raj,AA Deshpande,IT Guha,4,0,"",""
ball,1,10.1,India,AA Deshpande,M Raj,KH Brunt,6,0,"",""
ball,1,10.2,India,AA Deshpande,M Raj,KH Brunt,0,0,"",""
ball,1,10.3,India,AA Deshpande,M Raj,KH Brunt,0,0,"",""
ball,1,10.4,India,AA Deshpande,M Raj,KH Brunt,0,0,"",""
ball,1,10.5,India,AA Deshpande,M Raj,KH Brunt,0,0,"",""
ball,1,10.6,India,AA Deshpande,M Raj,KH Brunt,0,0,"",""
ball,1,11.1,India,M Raj,AA Deshpande,IT Guha,0,1,"",""
ball,1,11.2,India,AA Deshpande,M Raj,IT Guha,0,0,"",""
ball,1,11.3,India,AA Deshpande,M Raj,IT Guha,0,1,"",""
ball,1,11.4,India,M Raj,AA Deshpande,IT Guha,0,0,"",""
ball,1,11.5,India,M Raj,AA Deshpande,IT Guha,0,0,"",""
ball,1,11.6,India,M Raj,AA Deshpande,IT Guha,0,0,"",""
ball,1,12.1,India,AA Deshpande,M Raj,NJ Shaw,0,0,"",""
ball,1,12.2,India,AA Deshpande,M Raj,NJ Shaw,0,0,"",""
ball,1,12.3,India,AA Deshpande,M Raj,NJ Shaw,0,0,"",""
ball,1,12.4,India,AA Deshpande,M Raj,NJ Shaw,0,0,"",""
ball,1,12.5,India,AA Deshpande,M Raj,NJ Shaw,0,0,"",""
ball,1,12.6,India,AA Deshpande,M Raj,NJ Shaw,0,0,"",""
ball,1,13.1,India,M Raj,AA Deshpande,IT Guha,4,0,"",""
ball,1,13.2,India,M Raj,AA Deshpande,IT Guha,0,0,"",""
ball,1,13.3,India,M Raj,AA Deshpande,IT Guha,0,0,"",""
ball,1,13.4,India,M Raj,AA Deshpande,IT Guha,0,0,"",""
ball,1,13.5,India,M Raj,AA Deshpande,IT Guha,0,0,"",""
ball,1,13.6,India,M Raj,AA Deshpande,IT Guha,0,0,"",""
ball,1,14.1,India,AA Deshpande,M Raj,NJ Shaw,2,0,"",""
ball,1,14.2,India,AA Deshpande,M Raj,NJ Shaw,0,0,"",""
ball,1,14.3,India,AA Deshpande,M Raj,NJ Shaw,0,0,"",""
ball,1,14.4,India,AA Deshpande,M Raj,NJ Shaw,0,0,"",""
ball,1,14.5,India,AA Deshpande,M Raj,NJ Shaw,0,0,"",""
ball,1,14.6,India,AA Deshpande,M Raj,NJ Shaw,0,0,"",""
ball,1,15.1,India,M Raj,AA Deshpande,IT Guha,0,2,"",""
ball,1,15.2,India,AA Deshpande,M Raj,IT Guha,1,0,"",""
ball,1,15.3,India,M Raj,AA Deshpande,IT Guha,0,0,"",""
ball,1,15.4,India,M Raj,AA Deshpande,IT Guha,0,0,"",""
ball,1,15.5,India,M Raj,AA Deshpande,IT Guha,0,0,"",""
ball,1,15.6,India,M Raj,AA Deshpande,IT Guha,0,0,"",""
ball,1,15.7,India,M Raj,AA Deshpande,IT Guha,0,0,"",""
ball,1,16.1,India,AA Deshpande,M Raj,NJ Shaw,0,0,"",""
ball,1,16.2,India,AA Deshpande,M Raj,NJ Shaw,0,0,"",""
ball,1,16.3,India,AA Deshpande,M Raj,NJ Shaw,0,0,"",""
ball,1,16.4,India,AA Deshpande,M Raj,NJ Shaw,1,0,"",""
ball,1,16.5,India,M Raj,AA Deshpande,NJ Shaw,4,0,"",""
ball,1,16.6,India,M Raj,AA Deshpande,NJ Shaw,0,0,"",""
ball,1,17.1,India,AA Deshpande,M Raj,JL Gunn,0,0,"",""
ball,1,17.2,India,AA Deshpande,M Raj,JL Gunn,0,0,"",""
ball,1,17.3,India,AA Deshpande,M Raj,JL Gunn,0,0,"",""
ball,1,17.4,India,AA Deshpande,M Raj,JL Gunn,0,0,"",""
ball,1,17.5,India,AA Deshpande,M Raj,JL Gunn,0,0,"",""
ball,1,17.6,India,AA Deshpande,M Raj,JL Gunn,0,0,"",""
ball,1,18.1,India,M Raj,AA Deshpande,NJ Shaw,0,0,"",""
ball,1,18.2,India,M Raj,AA Deshpande,NJ Shaw,0,0,"",""
ball,1,18.3,India,M Raj,AA Deshpande,NJ Shaw,0,0,"",""
ball,1,18.4,India,M Raj,AA Deshpande,NJ Shaw,1,0,"",""
ball,1,18.5,India,AA Deshpande,M Raj,NJ Shaw,1,0,"",""
ball,1,18.6,India,M Raj,AA Deshpande,NJ Shaw,0,0,"",""
ball,1,19.1,India,AA Deshpande,M Raj,JL Gunn,2,0,"",""
ball,1,19.2,India,AA Deshpande,M Raj,JL Gunn,0,0,"",""
ball,1,19.3,India,AA Deshpande,M Raj,JL Gunn,0,0,"",""
ball,1,19.4,India,AA Deshpande,M Raj,JL Gunn,1,0,"",""
ball,1,19.5,India,M Raj,AA Deshpande,JL Gunn,0,0,"",""
ball,1,19.6,India,M Raj,AA Deshpande,JL Gunn,0,0,"",""
ball,1,20.1,India,AA Deshpande,M Raj,NJ Shaw,0,0,"",""
ball,1,20.2,India,AA Deshpande,M Raj,NJ Shaw,0,0,"",""
ball,1,20.3,India,AA Deshpande,M Raj,NJ Shaw,0,1,"",""
ball,1,20.4,India,AA Deshpande,M Raj,NJ Shaw,1,0,"",""
ball,1,20.5,India,M Raj,AA Deshpande,NJ Shaw,0,0,"",""
ball,1,20.6,India,M Raj,AA Deshpande,NJ Shaw,0,0,"",""
ball,1,20.7,India,M Raj,AA Deshpande,NJ Shaw,0,0,"",""
ball,1,21.1,India,AA Deshpande,M Raj,JL Gunn,4,0,"",""
ball,1,21.2,India,AA Deshpande,M Raj,JL Gunn,0,0,caught,AA Deshpande
ball,1,21.3,India,R Dhar,M Raj,JL Gunn,0,1,"",""
ball,1,21.4,India,R Dhar,M Raj,JL Gunn,0,0,"",""
ball,1,21.5,India,R Dhar,M Raj,JL Gunn,0,0,"",""
ball,1,21.6,India,R Dhar,M Raj,JL Gunn,0,0,"",""
ball,1,21.7,India,R Dhar,M Raj,JL Gunn,0,1,"",""
ball,1,21.8,India,R Dhar,M Raj,JL Gunn,0,0,"",""
ball,1,22.1,India,M Raj,R Dhar,NJ Shaw,0,0,"",""
ball,1,22.2,India,M Raj,R Dhar,NJ Shaw,0,0,"",""
ball,1,22.3,India,M Raj,R Dhar,NJ Shaw,0,0,"",""
ball,1,22.4,India,M Raj,R Dhar,NJ Shaw,0,0,"",""
ball,1,22.5,India,M Raj,R Dhar,NJ Shaw,1,0,"",""
ball,1,22.6,India,R Dhar,M Raj,NJ Shaw,0,0,"",""
ball,1,23.1,India,M Raj,R Dhar,JL Gunn,0,0,"",""
ball,1,23.2,India,M Raj,R Dhar,JL Gunn,0,0,"",""
ball,1,23.3,India,M Raj,R Dhar,JL Gunn,0,0,"",""
ball,1,23.4,India,M Raj,R Dhar,JL Gunn,1,0,"",""
ball,1,23.5,India,R Dhar,M Raj,JL Gunn,0,0,"",""
ball,1,23.6,India,R Dhar,M Raj,JL Gunn,0,0,"",""
ball,1,24.1,India,M Raj,R Dhar,NJ Shaw,0,0,"",""
ball,1,24.2,India,M Raj,R Dhar,NJ Shaw,4,0,"",""
ball,1,24.3,India,M Raj,R Dhar,NJ Shaw,0,0,"",""
ball,1,24.4,India,M Raj,R Dhar,NJ Shaw,4,0,"",""
ball,1,24.5,India,M Raj,R Dhar,NJ Shaw,0,0,"",""
ball,1,24.6,India,M Raj,R Dhar,NJ Shaw,1,0,"",""
ball,1,25.1,India,M Raj,R Dhar,JL Gunn,0,0,"",""
ball,1,25.2,India,M Raj,R Dhar,JL Gunn,4,0,"",""
ball,1,25.3,India,M Raj,R Dhar,JL Gunn,0,0,"",""
ball,1,25.4,India,M Raj,R Dhar,JL Gunn,1,0,"",""
ball,1,25.5,India,R Dhar,M Raj,JL Gunn,1,0,"",""
ball,1,25.6,India,M Raj,R Dhar,JL Gunn,1,0,"",""
ball,1,26.1,India,M Raj,R Dhar,HL Colvin,1,0,"",""
ball,1,26.2,India,R Dhar,M Raj,HL Colvin,0,0,"",""
ball,1,26.3,India,R Dhar,M Raj,HL Colvin,0,0,"",""
ball,1,26.4,India,R Dhar,M Raj,HL Colvin,1,0,"",""
ball,1,26.5,India,M Raj,R Dhar,HL Colvin,0,0,"",""
ball,1,26.6,India,M Raj,R Dhar,HL Colvin,0,0,"",""
ball,1,27.1,India,R Dhar,M Raj,KH Brunt,0,0,"",""
ball,1,27.2,India,R Dhar,M Raj,KH Brunt,0,1,"",""
ball,1,27.3,India,R Dhar,M Raj,KH Brunt,1,0,"",""
ball,1,27.4,India,M Raj,R Dhar,KH Brunt,0,0,"",""
ball,1,27.5,India,M Raj,R Dhar,KH Brunt,4,0,"",""
ball,1,27.6,India,M Raj,R Dhar,KH Brunt,1,0,"",""
ball,1,27.7,India,R Dhar,M Raj,KH Brunt,0,0,"",""
ball,1,28.1,India,M Raj,R Dhar,HL Colvin,1,0,"",""
ball,1,28.2,India,R Dhar,M Raj,HL Colvin,0,1,"",""
ball,1,28.3,India,R Dhar,M Raj,HL Colvin,0,0,"",""
ball,1,28.4,India,R Dhar,M Raj,HL Colvin,0,0,"",""
ball,1,28.5,India,R Dhar,M Raj,HL Colvin,0,0,"",""
ball,1,28.6,India,R Dhar,M Raj,HL Colvin,0,0,stumped,R Dhar
ball,1,28.7,India,P Roy,M Raj,HL Colvin,0,0,"",""
ball,1,29.1,India,M Raj,P Roy,KH Brunt,0,0,"",""
ball,1,29.2,India,M Raj,P Roy,KH Brunt,0,0,"",""
ball,1,29.3,India,M Raj,P Roy,KH Brunt,0,0,"",""
ball,1,29.4,India,M Raj,P Roy,KH Brunt,0,0,"",""
ball,1,29.5,India,M Raj,P Roy,KH Brunt,4,0,"",""
ball,1,29.6,India,M Raj,P Roy,KH Brunt,0,0,"",""
ball,1,30.1,India,P Roy,M Raj,HL Colvin,0,0,"",""
ball,1,30.2,India,P Roy,M Raj,HL Colvin,0,0,"",""
ball,1,30.3,India,P Roy,M Raj,HL Colvin,0,0,"",""
ball,1,30.4,India,P Roy,M Raj,HL Colvin,0,0,"",""
ball,1,30.5,India,P Roy,M Raj,HL Colvin,1,0,"",""
ball,1,30.6,India,M Raj,P Roy,HL Colvin,0,0,"",""
ball,1,31.1,India,P Roy,M Raj,KH Brunt,0,0,"",""
ball,1,31.2,India,P Roy,M Raj,KH Brunt,0,0,"",""
ball,1,31.3,India,P Roy,M Raj,KH Brunt,0,0,"",""
ball,1,31.4,India,P Roy,M Raj,KH Brunt,0,0,"",""
ball,1,31.5,India,P Roy,M Raj,KH Brunt,0,0,"",""
ball,1,31.6,India,P Roy,M Raj,KH Brunt,1,0,"",""
ball,1,32.1,India,P Roy,M Raj,HL Colvin,1,0,"",""
ball,1,32.2,India,M Raj,P Roy,HL Colvin,0,0,"",""
ball,1,32.3,India,M Raj,P Roy,HL Colvin,1,0,"",""
ball,1,32.4,India,P Roy,M Raj,HL Colvin,0,0,"",""
ball,1,32.5,India,P Roy,M Raj,HL Colvin,0,0,"",""
ball,1,32.6,India,P Roy,M Raj,HL Colvin,0,0,"",""
ball,1,33.1,India,M Raj,P Roy,KH Brunt,0,0,"",""
ball,1,33.2,India,M Raj,P Roy,KH Brunt,1,0,"",""
ball,1,33.3,India,P Roy,M Raj,KH Brunt,0,0,"",""
ball,1,33.4,India,P Roy,M Raj,KH Brunt,1,0,"",""
ball,1,33.5,India,M Raj,P Roy,KH Brunt,1,0,"",""
ball,1,33.6,India,P Roy,M Raj,KH Brunt,0,1,"",""
ball,1,33.7,India,P Roy,M Raj,KH Brunt,0,0,"",""
ball,1,34.1,India,M Raj,P Roy,HL Colvin,1,0,"",""
ball,1,34.2,India,P Roy,M Raj,HL Colvin,0,0,"",""
ball,1,34.3,India,P Roy,M Raj,HL Colvin,0,0,"",""
ball,1,34.4,India,P Roy,M Raj,HL Colvin,0,0,"",""
ball,1,34.5,India,P Roy,M Raj,HL Colvin,0,0,"",""
ball,1,34.6,India,P Roy,M Raj,HL Colvin,0,0,"",""
ball,1,35.1,India,M Raj,P Roy,NJ Shaw,1,0,"",""
ball,1,35.2,India,P Roy,M Raj,NJ Shaw,0,0,"",""
ball,1,35.3,India,P Roy,M Raj,NJ Shaw,0,1,"",""
ball,1,35.4,India,P Roy,M Raj,NJ Shaw,0,0,"",""
ball,1,35.5,India,P Roy,M Raj,NJ Shaw,0,0,"",""
ball,1,35.6,India,P Roy,M Raj,NJ Shaw,0,0,"",""
ball,1,35.7,India,P Roy,M Raj,NJ Shaw,0,0,"",""
ball,1,36.1,India,M Raj,P Roy,HL Colvin,1,0,"",""
ball,1,36.2,India,P Roy,M Raj,HL Colvin,0,0,caught,P Roy
ball,1,36.3,India,M Raj,SK Naidu,HL Colvin,1,0,"",""
ball,1,36.4,India,SK Naidu,M Raj,HL Colvin,0,0,"",""
ball,1,36.5,India,SK Naidu,M Raj,HL Colvin,0,0,"",""
ball,1,36.6,India,SK Naidu,M Raj,HL Colvin,0,0,caught,SK Naidu
ball,1,37.1,India,M Raj,J Goswami,NJ Shaw,1,0,"",""
ball,1,37.2,India,J Goswami,M Raj,NJ Shaw,0,0,"",""
ball,1,37.3,India,J Goswami,M Raj,NJ Shaw,0,0,lbw,J Goswami
ball,1,37.4,India,H Kaur,M Raj,NJ Shaw,0,0,"",""
ball,1,37.5,India,H Kaur,M Raj,NJ Shaw,0,0,"",""
ball,1,37.6,India,H Kaur,M Raj,NJ Shaw,0,0,"",""
ball,1,38.1,India,M Raj,H Kaur,HL Colvin,1,0,"",""
ball,1,38.2,India,H Kaur,M Raj,HL Colvin,0,0,"",""
ball,1,38.3,India,H Kaur,M Raj,HL Colvin,0,0,"",""
ball,1,38.4,India,H Kaur,M Raj,HL Colvin,4,0,"",""
ball,1,38.5,India,H Kaur,M Raj,HL Colvin,0,0,"",""
ball,1,38.6,India,H Kaur,M Raj,HL Colvin,0,0,"",""
ball,1,39.1,India,M Raj,H Kaur,NJ Shaw,0,0,"",""
ball,1,39.2,India,M Raj,H Kaur,NJ Shaw,0,0,"",""
ball,1,39.3,India,M Raj,H Kaur,NJ Shaw,1,0,"",""
ball,1,39.4,India,H Kaur,M Raj,NJ Shaw,0,0,"",""
ball,1,39.5,India,H Kaur,M Raj,NJ Shaw,1,0,"",""
ball,1,39.6,India,M Raj,H Kaur,NJ Shaw,1,0,"",""
ball,1,40.1,India,M Raj,H Kaur,HL Colvin,1,0,"",""
ball,1,40.2,India,H Kaur,M Raj,HL Colvin,0,0,"",""
ball,1,40.3,India,H Kaur,M Raj,HL Colvin,2,0,"",""
ball,1,40.4,India,H Kaur,M Raj,HL Colvin,0,0,"",""
ball,1,40.5,India,H Kaur,M Raj,HL Colvin,0,0,"",""
ball,1,40.6,India,H Kaur,M Raj,HL Colvin,0,0,"",""
ball,1,41.1,India,M Raj,H Kaur,JL Gunn,2,0,"",""
ball,1,41.2,India,M Raj,H Kaur,JL Gunn,0,0,caught,M Raj
ball,1,41.3,India,A Sharma,H Kaur,JL Gunn,0,0,"",""
ball,1,41.4,India,A Sharma,H Kaur,JL Gunn,0,0,"",""
ball,1,41.5,India,A Sharma,H Kaur,JL Gunn,0,0,"",""
ball,1,41.6,India,A Sharma,H Kaur,JL Gunn,0,0,"",""
ball,1,42.1,India,H Kaur,A Sharma,HL Colvin,0,0,"",""
ball,1,42.2,India,H Kaur,A Sharma,HL Colvin,1,0,"",""
ball,1,42.3,India,A Sharma,H Kaur,HL Colvin,0,0,"",""
ball,1,42.4,India,A Sharma,H Kaur,HL Colvin,0,0,"",""
ball,1,42.5,India,A Sharma,H Kaur,HL Colvin,2,0,"",""
ball,1,42.6,India,A Sharma,H Kaur,HL Colvin,0,0,"",""
ball,1,43.1,India,H Kaur,A Sharma,JL Gunn,0,0,bowled,H Kaur
ball,1,43.2,India,G Sultana,A Sharma,JL Gunn,0,0,"",""
ball,1,43.3,India,G Sultana,A Sharma,JL Gunn,1,0,"",""
ball,1,43.4,India,A Sharma,G Sultana,JL Gunn,0,0,"",""
ball,1,43.5,India,A Sharma,G Sultana,JL Gunn,0,1,"",""
ball,1,43.6,India,G Sultana,A Sharma,JL Gunn,0,0,"",""
ball,1,44.1,India,A Sharma,G Sultana,HL Colvin,1,0,"",""
ball,1,44.2,India,G Sultana,A Sharma,HL Colvin,0,0,"",""
ball,1,44.3,India,G Sultana,A Sharma,HL Colvin,0,0,"",""
ball,1,44.4,India,G Sultana,A Sharma,HL Colvin,0,0,"",""
ball,1,44.5,India,G Sultana,A Sharma,HL Colvin,0,0,"",""
ball,1,44.6,India,G Sultana,A Sharma,HL Colvin,0,0,"",""
ball,1,45.1,India,A Sharma,G Sultana,JL Gunn,1,0,"",""
ball,1,45.2,India,G Sultana,A Sharma,JL Gunn,0,0,"",""
ball,1,45.3,India,G Sultana,A Sharma,JL Gunn,0,0,"",""
ball,1,45.4,India,G Sultana,A Sharma,JL Gunn,4,0,"",""
ball,1,45.5,India,G Sultana,A Sharma,JL Gunn,0,0,"",""
ball,1,45.6,India,G Sultana,A Sharma,JL Gunn,4,0,"",""
ball,1,46.1,India,A Sharma,G Sultana,CM Edwards,0,0,"",""
ball,1,46.2,India,A Sharma,G Sultana,CM Edwards,1,0,"",""
ball,1,46.3,India,G Sultana,A Sharma,CM Edwards,0,0,"",""
ball,1,46.4,India,G Sultana,A Sharma,CM Edwards,0,0,"",""
ball,1,46.5,India,G Sultana,A Sharma,CM Edwards,0,0,"",""
ball,1,46.6,India,G Sultana,A Sharma,CM Edwards,0,0,"",""
ball,1,47.1,India,A Sharma,G Sultana,JL Gunn,4,1,"",""
ball,1,47.2,India,A Sharma,G Sultana,JL Gunn,0,0,"",""
ball,1,47.3,India,A Sharma,G Sultana,JL Gunn,0,0,"",""
ball,1,47.4,India,A Sharma,G Sultana,JL Gunn,4,0,"",""
ball,1,47.5,India,A Sharma,G Sultana,JL Gunn,4,0,"",""
ball,1,47.6,India,A Sharma,G Sultana,JL Gunn,6,0,"",""
ball,1,47.7,India,A Sharma,G Sultana,JL Gunn,2,0,"",""
ball,1,48.1,India,G Sultana,A Sharma,CM Edwards,1,0,"",""
ball,1,48.2,India,A Sharma,G Sultana,CM Edwards,4,0,"",""
ball,1,48.3,India,A Sharma,G Sultana,CM Edwards,4,0,"",""
ball,1,48.4,India,A Sharma,G Sultana,CM Edwards,0,0,bowled,A Sharma
ball,2,0.1,England,SJ Taylor,CMG Atkins,J Goswami,0,0,"",""
ball,2,0.2,England,SJ Taylor,CMG Atkins,J Goswami,0,1,"",""
ball,2,0.3,England,CMG Atkins,SJ Taylor,J Goswami,0,0,"",""
ball,2,0.4,England,CMG Atkins,SJ Taylor,J Goswami,0,0,"",""
ball,2,0.5,England,CMG Atkins,SJ Taylor,J Goswami,0,0,"",""
ball,2,0.6,England,CMG Atkins,SJ Taylor,J Goswami,0,0,"",""
ball,2,1.1,England,SJ Taylor,CMG Atkins,R Dhar,0,0,"",""
ball,2,1.2,England,SJ Taylor,CMG Atkins,R Dhar,1,0,"",""
ball,2,1.3,England,CMG Atkins,SJ Taylor,R Dhar,1,0,"",""
ball,2,1.4,England,SJ Taylor,CMG Atkins,R Dhar,0,0,"",""
ball,2,1.5,England,SJ Taylor,CMG Atkins,R Dhar,1,0,"",""
ball,2,1.6,England,CMG Atkins,SJ Taylor,R Dhar,0,1,"",""
ball,2,2.1,England,CMG Atkins,SJ Taylor,J Goswami,0,0,"",""
ball,2,2.2,England,CMG Atkins,SJ Taylor,J Goswami,0,0,"",""
ball,2,2.3,England,CMG Atkins,SJ Taylor,J Goswami,0,0,"",""
ball,2,2.4,England,CMG Atkins,SJ Taylor,J Goswami,0,0,"",""
ball,2,2.5,England,CMG Atkins,SJ Taylor,J Goswami,0,0,"",""
ball,2,2.6,England,CMG Atkins,SJ Taylor,J Goswami,0,0,"",""
ball,2,3.1,England,SJ Taylor,CMG Atkins,R Dhar,3,0,"",""
ball,2,3.2,England,CMG Atkins,SJ Taylor,R Dhar,0,0,"",""
ball,2,3.3,England,CMG Atkins,SJ Taylor,R Dhar,0,0,"",""
ball,2,3.4,England,CMG Atkins,SJ Taylor,R Dhar,0,0,"",""
ball,2,3.5,England,CMG Atkins,SJ Taylor,R Dhar,0,0,"",""
ball,2,3.6,England,CMG Atkins,SJ Taylor,R Dhar,0,0,"",""
ball,2,4.1,England,SJ Taylor,CMG Atkins,J Goswami,0,0,"",""
ball,2,4.2,England,SJ Taylor,CMG Atkins,J Goswami,0,0,"",""
ball,2,4.3,England,SJ Taylor,CMG Atkins,J Goswami,0,0,"",""
ball,2,4.4,England,SJ Taylor,CMG Atkins,J Goswami,0,0,"",""
ball,2,4.5,England,SJ Taylor,CMG Atkins,J Goswami,1,0,"",""
ball,2,4.6,England,CMG Atkins,SJ Taylor,J Goswami,1,0,"",""
ball,2,5.1,England,CMG Atkins,SJ Taylor,R Dhar,4,0,"",""
ball,2,5.2,England,CMG Atkins,SJ Taylor,R Dhar,0,0,"",""
ball,2,5.3,England,CMG Atkins,SJ Taylor,R Dhar,0,0,"",""
ball,2,5.4,England,CMG Atkins,SJ Taylor,R Dhar,0,0,"",""
ball,2,5.5,England,CMG Atkins,SJ Taylor,R Dhar,0,0,"",""
ball,2,5.6,England,CMG Atkins,SJ Taylor,R Dhar,0,0,"",""
ball,2,6.1,England,SJ Taylor,CMG Atkins,J Goswami,0,0,"",""
ball,2,6.2,England,SJ Taylor,CMG Atkins,J Goswami,0,0,"",""
ball,2,6.3,England,SJ Taylor,CMG Atkins,J Goswami,4,0,"",""
ball,2,6.4,England,SJ Taylor,CMG Atkins,J Goswami,0,1,"",""
ball,2,6.5,England,CMG Atkins,SJ Taylor,J Goswami,0,0,"",""
ball,2,6.6,England,CMG Atkins,SJ Taylor,J Goswami,1,0,"",""
ball,2,7.1,England,CMG Atkins,SJ Taylor,G Sultana,0,0,"",""
ball,2,7.2,England,CMG Atkins,SJ Taylor,G Sultana,0,0,"",""
ball,2,7.3,England,CMG Atkins,SJ Taylor,G Sultana,0,0,"",""
ball,2,7.4,England,CMG Atkins,SJ Taylor,G Sultana,0,0,"",""
ball,2,7.5,England,CMG Atkins,SJ Taylor,G Sultana,0,0,"",""
ball,2,7.6,England,CMG Atkins,SJ Taylor,G Sultana,0,0,"",""
ball,2,8.1,England,SJ Taylor,CMG Atkins,J Goswami,1,0,"",""
ball,2,8.2,England,CMG Atkins,SJ Taylor,J Goswami,1,0,"",""
ball,2,8.3,England,SJ Taylor,CMG Atkins,J Goswami,0,0,"",""
ball,2,8.4,England,SJ Taylor,CMG Atkins,J Goswami,0,0,"",""
ball,2,8.5,England,SJ Taylor,CMG Atkins,J Goswami,0,0,"",""
ball,2,8.6,England,SJ Taylor,CMG Atkins,J Goswami,1,0,"",""
ball,2,9.1,England,SJ Taylor,CMG Atkins,G Sultana,0,0,"",""
ball,2,9.2,England,SJ Taylor,CMG Atkins,G Sultana,0,0,"",""
ball,2,9.3,England,SJ Taylor,CMG Atkins,G Sultana,0,0,"",""
ball,2,9.4,England,SJ Taylor,CMG Atkins,G Sultana,0,0,"",""
ball,2,9.5,England,SJ Taylor,CMG Atkins,G Sultana,4,0,"",""
ball,2,9.6,England,SJ Taylor,CMG Atkins,G Sultana,1,0,"",""
ball,2,10.1,England,SJ Taylor,CMG Atkins,J Goswami,0,0,"",""
ball,2,10.2,England,SJ Taylor,CMG Atkins,J Goswami,0,0,"",""
ball,2,10.3,England,SJ Taylor,CMG Atkins,J Goswami,0,0,"",""
ball,2,10.4,England,SJ Taylor,CMG Atkins,J Goswami,0,0,"",""
ball,2,10.5,England,SJ Taylor,CMG Atkins,J Goswami,0,0,"",""
ball,2,10.6,England,SJ Taylor,CMG Atkins,J Goswami,0,0,"",""
ball,2,11.1,England,CMG Atkins,SJ Taylor,G Sultana,0,0,"",""
ball,2,11.2,England,CMG Atkins,SJ Taylor,G Sultana,0,0,"",""
ball,2,11.3,England,CMG Atkins,SJ Taylor,G Sultana,0,0,"",""
ball,2,11.4,England,CMG Atkins,SJ Taylor,G Sultana,0,0,"",""
ball,2,11.5,England,CMG Atkins,SJ Taylor,G Sultana,0,0,"",""
ball,2,11.6,England,CMG Atkins,SJ Taylor,G Sultana,0,0,"",""
ball,2,12.1,England,SJ Taylor,CMG Atkins,J Goswami,2,0,"",""
ball,2,12.2,England,SJ Taylor,CMG Atkins,J Goswami,0,0,"",""
ball,2,12.3,England,SJ Taylor,CMG Atkins,J Goswami,4,0,"",""
ball,2,12.4,England,SJ Taylor,CMG Atkins,J Goswami,0,0,"",""
ball,2,12.5,England,SJ Taylor,CMG Atkins,J Goswami,0,0,"",""
ball,2,12.6,England,SJ Taylor,CMG Atkins,J Goswami,1,0,"",""
ball,2,13.1,England,SJ Taylor,CMG Atkins,G Sultana,2,0,"",""
ball,2,13.2,England,SJ Taylor,CMG Atkins,G Sultana,0,0,"",""
ball,2,13.3,England,SJ Taylor,CMG Atkins,G Sultana,1,0,"",""
ball,2,13.4,England,CMG Atkins,SJ Taylor,G Sultana,0,2,"",""
ball,2,13.5,England,CMG Atkins,SJ Taylor,G Sultana,0,0,"",""
ball,2,13.6,England,CMG Atkins,SJ Taylor,G Sultana,1,0,"",""
ball,2,14.1,England,CMG Atkins,SJ Taylor,A Sharma,4,0,"",""
ball,2,14.2,England,CMG Atkins,SJ Taylor,A Sharma,0,0,"",""
ball,2,14.3,England,CMG Atkins,SJ Taylor,A Sharma,0,0,"",""
ball,2,14.4,England,CMG Atkins,SJ Taylor,A Sharma,0,0,"",""
ball,2,14.5,England,CMG Atkins,SJ Taylor,A Sharma,0,0,"",""
ball,2,14.6,England,CMG Atkins,SJ Taylor,A Sharma,2,0,"",""
ball,2,15.1,England,SJ Taylor,CMG Atkins,P Roy,0,0,caught,SJ Taylor
ball,2,15.2,England,SC Taylor,CMG Atkins,P Roy,0,0,"",""
ball,2,15.3,England,SC Taylor,CMG Atkins,P Roy,0,0,"",""
ball,2,15.4,England,SC Taylor,CMG Atkins,P Roy,1,0,"",""
ball,2,15.5,England,CMG Atkins,SC Taylor,P Roy,0,0,"",""
ball,2,15.6,England,CMG Atkins,SC Taylor,P Roy,0,0,"",""
ball,2,16.1,England,SC Taylor,CMG Atkins,A Sharma,0,1,"",""
ball,2,16.2,England,SC Taylor,CMG Atkins,A Sharma,0,0,"",""
ball,2,16.3,England,SC Taylor,CMG Atkins,A Sharma,4,0,"",""
ball,2,16.4,England,SC Taylor,CMG Atkins,A Sharma,0,0,"",""
ball,2,16.5,England,SC Taylor,CMG Atkins,A Sharma,0,0,"",""
ball,2,16.6,England,SC Taylor,CMG Atkins,A Sharma,0,0,"",""
ball,2,16.7,England,SC Taylor,CMG Atkins,A Sharma,4,0,"",""
ball,2,17.1,England,CMG Atkins,SC Taylor,P Roy,0,0,"",""
ball,2,17.2,England,CMG Atkins,SC Taylor,P Roy,0,0,"",""
ball,2,17.3,England,CMG Atkins,SC Taylor,P Roy,0,0,"",""
ball,2,17.4,England,CMG Atkins,SC Taylor,P Roy,4,0,"",""
ball,2,17.5,England,CMG Atkins,SC Taylor,P Roy,0,0,"",""
ball,2,17.6,England,CMG Atkins,SC Taylor,P Roy,0,0,"",""
ball,2,18.1,England,SC Taylor,CMG Atkins,R Dhar,0,0,"",""
ball,2,18.2,England,SC Taylor,CMG Atkins,R Dhar,0,0,"",""
ball,2,18.3,England,SC Taylor,CMG Atkins,R Dhar,0,0,"",""
ball,2,18.4,England,SC Taylor,CMG Atkins,R Dhar,0,0,"",""
ball,2,18.5,England,SC Taylor,CMG Atkins,R Dhar,1,0,"",""
ball,2,18.6,England,CMG Atkins,SC Taylor,R Dhar,0,0,"",""
ball,2,19.1,England,SC Taylor,CMG Atkins,P Roy,0,0,"",""
ball,2,19.2,England,SC Taylor,CMG Atkins,P Roy,1,0,"",""
ball,2,19.3,England,CMG Atkins,SC Taylor,P Roy,0,0,"",""
ball,2,19.4,England,CMG Atkins,SC Taylor,P Roy,0,0,"",""
ball,2,19.5,England,CMG Atkins,SC Taylor,P Roy,1,0,"",""
ball,2,19.6,England,SC Taylor,CMG Atkins,P Roy,0,0,"",""
ball,2,20.1,England,CMG Atkins,SC Taylor,R Dhar,0,0,"",""
ball,2,20.2,England,CMG Atkins,SC Taylor,R Dhar,0,0,"",""
ball,2,20.3,England,CMG Atkins,SC Taylor,R Dhar,2,0,"",""
ball,2,20.4,England,CMG Atkins,SC Taylor,R Dhar,0,0,"",""
ball,2,20.5,England,CMG Atkins,SC Taylor,R Dhar,0,0,"",""
ball,2,20.6,England,CMG Atkins,SC Taylor,R Dhar,0,0,"",""
ball,2,21.1,England,SC Taylor,CMG Atkins,P Roy,4,0,"",""
ball,2,21.2,England,SC Taylor,CMG Atkins,P Roy,0,0,"",""
ball,2,21.3,England,SC Taylor,CMG Atkins,P Roy,1,0,"",""
ball,2,21.4,England,CMG Atkins,SC Taylor,P Roy,0,0,"",""
ball,2,21.5,England,CMG Atkins,SC Taylor,P Roy,0,0,"",""
ball,2,21.6,England,CMG Atkins,SC Taylor,P Roy,4,0,"",""
ball,2,22.1,England,SC Taylor,CMG Atkins,R Dhar,0,0,"",""
ball,2,22.2,England,SC Taylor,CMG Atkins,R Dhar,4,0,"",""
ball,2,22.3,England,SC Taylor,CMG Atkins,R Dhar,4,0,"",""
ball,2,22.4,England,SC Taylor,CMG Atkins,R Dhar,0,0,"",""
ball,2,22.5,England,SC Taylor,CMG Atkins,R Dhar,0,0,"",""
ball,2,22.6,England,SC Taylor,CMG Atkins,R Dhar,4,0,"",""
ball,2,23.1,England,CMG Atkins,SC Taylor,SK Naidu,0,0,"",""
ball,2,23.2,England,CMG Atkins,SC Taylor,SK Naidu,4,0,"",""
ball,2,23.3,England,CMG Atkins,SC Taylor,SK Naidu,0,0,"",""
ball,2,23.4,England,CMG Atkins,SC Taylor,SK Naidu,1,0,"",""
ball,2,23.5,England,SC Taylor,CMG Atkins,SK Naidu,1,0,"",""
ball,2,23.6,England,CMG Atkins,SC Taylor,SK Naidu,0,0,"",""
ball,2,24.1,England,SC Taylor,CMG Atkins,G Sultana,0,0,"",""
ball,2,24.2,England,SC Taylor,CMG Atkins,G Sultana,0,0,"",""
ball,2,24.3,England,SC Taylor,CMG Atkins,G Sultana,4,0,"",""
ball,2,24.4,England,SC Taylor,CMG Atkins,G Sultana,1,0,"",""
ball,2,24.5,England,CMG Atkins,SC Taylor,G Sultana,0,0,"",""
ball,2,24.6,England,CMG Atkins,SC Taylor,G Sultana,0,0,"",""
ball,2,25.1,England,SC Taylor,CMG Atkins,SK Naidu,1,0,"",""
ball,2,25.2,England,CMG Atkins,SC Taylor,SK Naidu,0,0,"",""
ball,2,25.3,England,CMG Atkins,SC Taylor,SK Naidu,4,0,"",""
ball,2,25.4,England,CMG Atkins,SC Taylor,SK Naidu,1,0,"",""
ball,2,25.5,England,SC Taylor,CMG Atkins,SK Naidu,1,0,"",""
ball,2,25.6,England,CMG Atkins,SC Taylor,SK Naidu,0,0,"",""
ball,2,26.1,England,SC Taylor,CMG Atkins,G Sultana,1,0,"",""
ball,2,26.2,England,CMG Atkins,SC Taylor,G Sultana,0,0,"",""
ball,2,26.3,England,CMG Atkins,SC Taylor,G Sultana,1,0,"",""
ball,2,26.4,England,SC Taylor,CMG Atkins,G Sultana,0,0,"",""
ball,2,26.5,England,SC Taylor,CMG Atkins,G Sultana,0,0,"",""
ball,2,26.6,England,SC Taylor,CMG Atkins,G Sultana,0,0,"",""
ball,2,27.1,England,CMG Atkins,SC Taylor,SK Naidu,4,0,"",""
ball,2,27.2,England,CMG Atkins,SC Taylor,SK Naidu,0,0,"",""
ball,2,27.3,England,CMG Atkins,SC Taylor,SK Naidu,1,0,"",""
ball,2,27.4,England,SC Taylor,CMG Atkins,SK Naidu,0,0,"",""
ball,2,27.5,England,SC Taylor,CMG Atkins,SK Naidu,3,0,"",""
ball,2,27.6,England,CMG Atkins,SC Taylor,SK Naidu,1,0,"",""
ball,2,28.1,England,CMG Atkins,SC Taylor,G Sultana,0,0,"",""
ball,2,28.2,England,CMG Atkins,SC Taylor,G Sultana,0,0,"",""
ball,2,28.3,England,CMG Atkins,SC Taylor,G Sultana,0,0,"",""
ball,2,28.4,England,CMG Atkins,SC Taylor,G Sultana,1,0,"",""
ball,2,28.5,England,SC Taylor,CMG Atkins,G Sultana,0,0,"",""
ball,2,28.6,England,SC Taylor,CMG Atkins,G Sultana,0,0,"",""
ball,2,29.1,England,CMG Atkins,SC Taylor,MDT Kamini,1,0,"",""
ball,2,29.2,England,SC Taylor,CMG Atkins,MDT Kamini,1,0,"",""
ball,2,29.3,England,CMG Atkins,SC Taylor,MDT Kamini,0,0,"",""
ball,2,29.4,England,CMG Atkins,SC Taylor,MDT Kamini,0,0,"",""
ball,2,29.5,England,CMG Atkins,SC Taylor,MDT Kamini,0,0,"",""
ball,2,29.6,England,CMG Atkins,SC Taylor,MDT Kamini,0,0,"",""
ball,2,30.1,England,SC Taylor,CMG Atkins,G Sultana,1,0,"",""
ball,2,30.2,England,CMG Atkins,SC Taylor,G Sultana,0,0,"",""
ball,2,30.3,England,CMG Atkins,SC Taylor,G Sultana,0,0,"",""
ball,2,30.4,England,CMG Atkins,SC Taylor,G Sultana,2,0,"",""
ball,2,30.5,England,CMG Atkins,SC Taylor,G Sultana,0,0,"",""
ball,2,30.6,England,CMG Atkins,SC Taylor,G Sultana,0,0,"",""
ball,2,31.1,England,SC Taylor,CMG Atkins,MDT Kamini,0,0,"",""
ball,2,31.2,England,SC Taylor,CMG Atkins,MDT Kamini,1,0,"",""
ball,2,31.3,England,CMG Atkins,SC Taylor,MDT Kamini,1,0,"",""
ball,2,31.4,England,SC Taylor,CMG Atkins,MDT Kamini,1,0,"",""
ball,2,31.5,England,CMG Atkins,SC Taylor,MDT Kamini,1,0,"",""
ball,2,31.6,England,SC Taylor,CMG Atkins,MDT Kamini,0,0,"",""
ball,2,32.1,England,CMG Atkins,SC Taylor,G Sultana,0,0,"",""
ball,2,32.2,England,CMG Atkins,SC Taylor,G Sultana,2,0,"",""
ball,2,32.3,England,CMG Atkins,SC Taylor,G Sultana,0,0,"",""
ball,2,32.4,England,CMG Atkins,SC Taylor,G Sultana,0,0,"",""
ball,2,32.5,England,CMG Atkins,SC Taylor,G Sultana,0,0,"",""
ball,2,32.6,England,CMG Atkins,SC Taylor,G Sultana,0,0,"",""
ball,2,33.1,England,SC Taylor,CMG Atkins,MDT Kamini,1,0,"",""
ball,2,33.2,England,CMG Atkins,SC Taylor,MDT Kamini,1,0,"",""
ball,2,33.3,England,SC Taylor,CMG Atkins,MDT Kamini,1,0,"",""
ball,2,33.4,England,CMG Atkins,SC Taylor,MDT Kamini,1,0,"",""
ball,2,33.5,England,SC Taylor,CMG Atkins,MDT Kamini,1,0,"",""
ball,2,33.6,England,CMG Atkins,SC Taylor,MDT Kamini,4,0,"",""
ball,2,34.1,England,SC Taylor,CMG Atkins,G Sultana,1,0,"",""
ball,2,34.2,England,CMG Atkins,SC Taylor,G Sultana,0,0,"",""
ball,2,34.3,England,CMG Atkins,SC Taylor,G Sultana,4,0,"",""
ball,2,34.4,England,CMG Atkins,SC Taylor,G Sultana,1,0,"",""
ball,2,34.5,England,SC Taylor,CMG Atkins,G Sultana,1,0,"",""
ball,2,34.6,England,CMG Atkins,SC Taylor,G Sultana,0,0,"",""
ball,2,35.1,England,SC Taylor,CMG Atkins,MDT Kamini,0,0,"",""
ball,2,35.2,England,SC Taylor,CMG Atkins,MDT Kamini,1,0,"",""
ball,2,35.3,England,CMG Atkins,SC Taylor,MDT Kamini,1,0,"",""
ball,2,35.4,England,SC Taylor,CMG Atkins,MDT Kamini,1,0,"",""
ball,2,35.5,England,CMG Atkins,SC Taylor,MDT Kamini,0,0,"",""
ball,2,35.6,England,CMG Atkins,SC Taylor,MDT Kamini,0,0,"",""
ball,2,36.1,England,SC Taylor,CMG Atkins,P Roy,0,0,"",""
ball,2,36.2,England,SC Taylor,CMG Atkins,P Roy,4,0,"",""
ball,2,36.3,England,SC Taylor,CMG Atkins,P Roy,0,0,"",""
ball,2,36.4,England,SC Taylor,CMG Atkins,P Roy,1,0,"",""
ball,2,36.5,England,CMG Atkins,SC Taylor,P Roy,1,0,"",""
ball,2,36.6,England,SC Taylor,CMG Atkins,P Roy,1,0,"",""
ball,2,37.1,England,SC Taylor,CMG Atkins,MDT Kamini,1,0,"",""
ball,2,37.2,England,CMG Atkins,SC Taylor,MDT Kamini,2,0,"",""
ball,2,37.3,England,CMG Atkins,SC Taylor,MDT Kamini,0,1,"",""
ball,2,37.4,England,CMG Atkins,SC Taylor,MDT Kamini,1,0,"",""
ball,2,37.5,England,SC Taylor,CMG Atkins,MDT Kamini,6,0,"",""
ball,2,37.6,England,SC Taylor,CMG Atkins,MDT Kamini,1,0,"",""
ball,2,37.7,England,CMG Atkins,SC Taylor,MDT Kamini,1,0,"",""
ball,2,38.1,England,CMG Atkins,SC Taylor,P Roy,0,0,"",""
ball,2,38.2,England,CMG Atkins,SC Taylor,P Roy,1,0,"",""
ball,2,38.3,England,SC Taylor,CMG Atkins,P Roy,0,0,"",""
ball,2,38.4,England,SC Taylor,CMG Atkins,P Roy,4,0,"",""
